ticker,cap_tier,feature,state,mu,sigma,occupancy_pct,sort_by
AAPL,large,daily return,0,0.0016246028098918148,0.012280182153556743,79.98246639392168,sigma
AAPL,large,daily return,1,-0.0005693207752173457,0.029381686040849675,20.017533606078317,sigma
AAPL,large,rolling volatility,0,0.0126525158561506,0.003666114516256915,72.93980128579778,sigma
AAPL,large,rolling volatility,1,0.024247405041081544,0.008062268636700929,27.060198714202222,sigma
AAPL,large,absolute return,0,0.0080489335693067,0.006185228332714723,82.84628872004676,sigma
AAPL,large,absolute return,1,0.026681046305878503,0.017247978894467046,17.153711279953242,sigma
AAPL,large,20-day return,0,-0.0362729179191722,0.05194458062931707,51.13968439509059,mean
AAPL,large,20-day return,1,0.08171167320154873,0.04709318733163349,48.86031560490941,mean
AAPL,large,60-day return,0,-0.0382483205424239,0.08648963396367053,49.35710111046172,mean
AAPL,large,60-day return,1,0.17170387762088088,0.09514973211918787,50.64289888953828,mean
AAPL,large,100-day return,0,-0.06546924021772414,0.10230436911025831,33.92752776154296,mean
AAPL,large,100-day return,1,0.21058734475664467,0.1344588993274175,66.07247223845705,mean
MRK,large,daily return,0,0.0007138224294250489,0.009657897816316676,93.98012857977791,sigma
MRK,large,daily return,1,-0.0002913589760318418,0.02723788807584768,6.019871420222092,sigma
MRK,large,rolling volatility,0,0.010302181085635666,0.003317846099224751,86.9666861484512,sigma
MRK,large,rolling volatility,1,0.020291068605112404,0.008097970361631616,13.033313851548803,sigma
MRK,large,absolute return,0,0.006566373986522681,0.00511326813090205,88.89538281706605,sigma
MRK,large,absolute return,1,0.021903477553344274,0.014839939880750103,11.104617182933957,sigma
MRK,large,20-day return,0,-0.0221629315562727,0.035690355762106545,57.97779076563413,mean
MRK,large,20-day return,1,0.05628249570939285,0.03044365689904164,42.02220923436587,mean
MRK,large,60-day return,0,-0.02490620587526065,0.04816219597477316,53.126826417299824,mean
MRK,large,60-day return,1,0.09430269529835791,0.051510598252550534,46.873173582700176,mean
MRK,large,100-day return,0,-0.004491081016216931,0.0604333494864303,66.54003506721216,mean
MRK,large,100-day return,1,0.1580322366855713,0.056553128513211315,33.45996493278784,mean
MSFT,large,daily return,0,0.0012038857034146672,0.011477163708943403,86.99590882524839,sigma
MSFT,large,daily return,1,0.0001390045697385224,0.02998023746110257,13.004091174751608,sigma
MSFT,large,rolling volatility,0,0.011637076332221035,0.003623191981712775,73.67036820572764,sigma
MSFT,large,rolling volatility,1,0.02296707475557349,0.00851650342179339,26.329631794272355,sigma
MSFT,large,absolute return,0,0.007501227403859224,0.005891531811560541,84.36586791350088,sigma
MSFT,large,absolute return,1,0.025529512076066577,0.017189840458232394,15.634132086499122,sigma
MSFT,large,20-day return,0,-0.03526622777703946,0.039844134752697345,40.94097019286967,mean
MSFT,large,20-day return,1,0.05527800251231916,0.04188192220590309,59.05902980713034,mean
MSFT,large,60-day return,0,-0.043548086562139016,0.05671093929513069,39.18760958503799,mean
MSFT,large,60-day return,1,0.11759083127315953,0.06514831482399776,60.81239041496202,mean
MSFT,large,100-day return,0,-0.045503787675816705,0.07075608165439468,35.417884278199885,mean
MSFT,large,100-day return,1,0.16384421964250867,0.07553023205765752,64.58211572180012,mean
JPM,large,daily return,0,0.0008995122747111225,0.012301296441699817,86.11922852133256,sigma
JPM,large,daily return,1,-0.000431796571465927,0.03472414118288898,13.880771478667445,sigma
JPM,large,rolling volatility,0,0.01211611745377373,0.0036863844673088995,80.94681472822911,sigma
JPM,large,rolling volatility,1,0.027696405417200122,0.01236958495882274,19.053185271770896,sigma
JPM,large,absolute return,0,0.008042065747931782,0.006331870571375123,84.89187609585038,sigma
JPM,large,absolute return,1,0.02823279369683886,0.019583924358545647,15.10812390414962,sigma
JPM,large,20-day return,0,-0.048736570165443645,0.05542277156305678,38.0479251899474,mean
JPM,large,20-day return,1,0.05307801974631991,0.04638207461259911,61.95207481005261,mean
JPM,large,60-day return,0,-0.07188547543510017,0.08430668860344223,41.75920514319111,mean
JPM,large,60-day return,1,0.11256375643583938,0.07703939130200381,58.24079485680889,mean
JPM,large,100-day return,0,-0.04231909050737849,0.10469568130621763,57.393337229690246,mean
JPM,large,100-day return,1,0.1981960061139966,0.1037435377372572,42.60666277030976,mean
XOM,large,daily return,0,0.0003730836665492502,0.010034086541196837,69.46230274693161,sigma
XOM,large,daily return,1,0.000572512336426845,0.02530158399106936,30.53769725306838,sigma
XOM,large,rolling volatility,0,0.009603034740848268,0.003459682673711035,65.98480420806546,sigma
XOM,large,rolling volatility,1,0.02146460968016036,0.008674132532320815,34.015195791934545,sigma
XOM,large,absolute return,0,0.006980483051484761,0.00545233419367759,80.9760374050263,sigma
XOM,large,absolute return,1,0.024620986839699318,0.01666419022380744,19.0239625949737,sigma
XOM,large,20-day return,0,0.00576580027781566,0.033091978638381904,68.70251315020455,mean
XOM,large,20-day return,1,0.013392323363740227,0.1127713135234543,31.29748684979544,mean
XOM,large,60-day return,0,-0.026673580359297212,0.04303197582426975,55.639976621858565,mean
XOM,large,60-day return,1,0.08670094153797334,0.15451695105365976,44.36002337814144,mean
XOM,large,100-day return,0,-0.012661170508416806,0.054127773440392234,63.99766218585622,mean
XOM,large,100-day return,1,0.138814227703426,0.23644244646640986,36.00233781414378,mean
WMT,large,daily return,0,0.0006801470673314941,0.008698592037949824,94.94447691408533,sigma
WMT,large,daily return,1,-0.0014752007149328459,0.03177891693978928,5.05552308591467,sigma
WMT,large,rolling volatility,0,0.008867094711085762,0.00308359698825073,86.3530099357101,sigma
WMT,large,rolling volatility,1,0.02115111814578162,0.008628725992650691,13.646990064289888,sigma
WMT,large,absolute return,0,0.006111971820628062,0.004907426409625047,92.22676797194623,sigma
WMT,large,absolute return,1,0.02315780196461255,0.018464764913467217,7.77323202805377,sigma
WMT,large,20-day return,0,-0.02442672329430729,0.035931977602886106,52.92226767971946,mean
WMT,large,20-day return,1,0.04658225953630711,0.03080050136978089,47.07773232028053,mean
WMT,large,60-day return,0,-0.03778164082715264,0.05122606006042706,47.54529514903565,mean
WMT,large,60-day return,1,0.0880097682981889,0.050281441457477254,52.45470485096435,mean
WMT,large,100-day return,0,-0.032552117426171735,0.0633875450746234,50.49678550555231,mean
WMT,large,100-day return,1,0.12631595218572975,0.061623186127639416,49.50321449444769,mean
KO,large,daily return,0,0.0007292079839628034,0.008035413266724403,93.57101110461718,sigma
KO,large,daily return,1,-0.0022808951071100884,0.0258120722271633,6.428988895382817,sigma
KO,large,rolling volatility,0,0.008029706855153739,0.0028964707426218624,86.52834599649329,sigma
KO,large,rolling volatility,1,0.01794413529203301,0.008938262975631573,13.471654003506723,sigma
KO,large,absolute return,0,0.005346779682230458,0.004409087077848679,90.03506721215663,sigma
KO,large,absolute return,1,0.019176003921124108,0.013794689076801139,9.964932787843367,sigma
KO,large,20-day return,0,-0.026417443781478818,0.03676270869137078,42.86966686148451,mean
KO,large,20-day return,1,0.034666258851276235,0.024438197510434755,57.13033313851549,mean
KO,large,60-day return,0,-0.018086740138824258,0.046369477504234466,57.451782583284626,mean
KO,large,60-day return,1,0.07910604061717934,0.03493114654345675,42.548217416715374,mean
KO,large,100-day return,0,-0.03169132818620367,0.05235306855507527,40.29807130333138,mean
KO,large,100-day return,1,0.08631251517427176,0.04992061888184359,59.70192869666862,mean
IBM,large,daily return,0,0.0006774428431285847,0.00938018041848601,89.71361776738749,sigma
IBM,large,daily return,1,-0.0016873578819450142,0.029420312115013166,10.286382232612509,sigma
IBM,large,rolling volatility,0,0.009667985002967491,0.0033147774869007806,74.9853886616014,sigma
IBM,large,rolling volatility,1,0.019879541846668194,0.007866091538495025,25.014611338398595,sigma
IBM,large,absolute return,0,0.006556780309318415,0.00517300601525288,89.42139099941555,sigma
IBM,large,absolute return,1,0.024682951593973722,0.01739532849765745,10.578609000584454,sigma
IBM,large,20-day return,0,-0.0366554200924444,0.04389881488394253,49.4739918176505,mean
IBM,large,20-day return,1,0.04920214493716064,0.03947332370957689,50.5260081823495,mean
IBM,large,60-day return,0,-0.06318124161861496,0.054986564078980615,43.103448275862064,mean
IBM,large,60-day return,1,0.07690354063943247,0.05601300422978823,56.896551724137936,mean
IBM,large,100-day return,0,-0.07042983822588446,0.06234577685375146,43.191116306253654,mean
IBM,large,100-day return,1,0.09791036315399292,0.06374873702510925,56.808883693746346,mean
GE,large,daily return,0,0.0003862762629176497,0.011646030852452829,70.22209234365869,sigma
GE,large,daily return,1,0.0003272868523024227,0.032001240671253574,29.777907656341323,sigma
GE,large,rolling volatility,0,0.011215835435665455,0.003962111621708245,61.9812974868498,sigma
GE,large,rolling volatility,1,0.025650826066467132,0.010047309183318578,38.0187025131502,sigma
GE,large,absolute return,0,0.007753243992763651,0.006092764171080998,80.50847457627118,sigma
GE,large,absolute return,1,0.029946185182958242,0.020395996965603527,19.491525423728813,sigma
GE,large,20-day return,0,-0.0010291006745150432,0.039234211353722515,69.34541203974284,mean
GE,large,20-day return,1,0.024419940086558407,0.15390530655762258,30.654587960257157,mean
GE,large,60-day return,0,-0.005188786760979389,0.056774918906952895,59.7895967270602,mean
GE,large,60-day return,1,0.058891470140955235,0.2540307753381634,40.2104032729398,mean
GE,large,100-day return,0,0.03070387411895765,0.06700468879552118,53.09760374050263,mean
GE,large,100-day return,1,0.04438332781258208,0.32980740934446395,46.90239625949737,mean
GOOGL,large,daily return,0,0.0010754841970195184,0.01179198835814365,85.73933372296902,sigma
GOOGL,large,daily return,1,-6.664287827704826e-05,0.03203742281916247,14.260666277030975,sigma
GOOGL,large,rolling volatility,0,0.011524983471977408,0.0035205054265556764,66.42314436002337,sigma
GOOGL,large,rolling volatility,1,0.022882078717099026,0.006980067505012453,33.57685563997662,sigma
GOOGL,large,absolute return,0,0.008018043298140697,0.006336419302631357,87.22969023962594,sigma
GOOGL,large,absolute return,1,0.028008169229440816,0.019233425505421883,12.77030976037405,sigma
GOOGL,large,20-day return,0,-0.03314624116444275,0.046043757759619344,51.78258328462887,mean
GOOGL,large,20-day return,1,0.0692854631639046,0.04908059089253102,48.21741671537112,mean
GOOGL,large,60-day return,0,-0.045876880118542324,0.06491200119634433,48.71420222092343,mean
GOOGL,large,60-day return,1,0.13565317754495174,0.06703319882356863,51.28579777907656,mean
GOOGL,large,100-day return,0,-0.044884480284130446,0.07994054403171456,46.28872004675628,mean
GOOGL,large,100-day return,1,0.18381611579941093,0.09146609456058867,53.71127995324372,mean
AMZN,large,daily return,0,0.0014151952379022252,0.013637641484373426,76.35885447106955,sigma
AMZN,large,daily return,1,0.00038253025210632444,0.03431838818148967,23.641145528930448,sigma
AMZN,large,rolling volatility,0,0.013451802847575217,0.00394486027229877,61.630625365283464,sigma
AMZN,large,rolling volatility,1,0.027147431654137646,0.006645239676931692,38.36937463471654,sigma
AMZN,large,absolute return,0,0.009518744449183858,0.007141341059067187,84.89187609585038,sigma
AMZN,large,absolute return,1,0.03275355875328261,0.02175174156747581,15.10812390414962,sigma
AMZN,large,20-day return,0,-0.06003331063480623,0.05591685391251354,37.52191700759789,mean
AMZN,large,20-day return,1,0.07143879959997372,0.05905969206670294,62.47808299240211,mean
AMZN,large,60-day return,0,-0.056679182545378314,0.09468764842672378,45.55815312682642,mean
AMZN,large,60-day return,1,0.17098865845621658,0.09086816993395361,54.44184687317358,mean
AMZN,large,100-day return,0,-0.04136193447134063,0.10917599569952521,49.88310929281122,mean
AMZN,large,100-day return,1,0.26427246977565677,0.12943186185284775,50.11689070718878,mean
PG,large,daily return,0,0.0006239342560767846,0.00788952951547843,94.41846873173583,sigma
PG,large,daily return,1,-0.0011983387244658154,0.025742476365789482,5.581531268264173,sigma
PG,large,rolling volatility,0,0.008409345835967233,0.002990365495644497,90.99941554646406,sigma
PG,large,rolling volatility,1,0.019534080148819185,0.0116876321766091,9.000584453535945,sigma
PG,large,absolute return,0,0.0056083575935685645,0.004584875094742078,92.4021040327294,sigma
PG,large,absolute return,1,0.020783327936171183,0.015348615359462163,7.597895967270602,sigma
PG,large,20-day return,0,-0.025577098210826158,0.02871879711190894,47.48684979544126,mean
PG,large,20-day return,1,0.03881754588223088,0.02836829274915225,52.513150204558734,mean
PG,large,60-day return,0,-0.028362446234284126,0.04301747951289414,51.16890707188778,mean
PG,large,60-day return,1,0.07976177182378494,0.041861876305241075,48.83109292811221,mean
PG,large,100-day return,0,-0.028318777913335175,0.05463839196370414,47.106954997077736,mean
PG,large,100-day return,1,0.10320104231651851,0.056393456949900535,52.893045002922264,mean
CVX,large,daily return,0,0.0006051865474885893,0.011632481175976346,85.00876680303917,sigma
CVX,large,daily return,1,0.00010811121631948199,0.033567937605815314,14.99123319696084,sigma
CVX,large,rolling volatility,0,0.011034990811743,0.00370769665057626,76.0666277030976,sigma
CVX,large,rolling volatility,1,0.02475210342670721,0.013489631565507705,23.933372296902398,sigma
CVX,large,absolute return,0,0.007796626009843523,0.006074021093164919,86.64523670368206,sigma
CVX,large,absolute return,1,0.027938019332619485,0.021547959572432565,13.354763296317943,sigma
CVX,large,20-day return,0,-0.0015071123678873457,0.12198197073807056,26.91408533021625,mean
CVX,large,20-day return,1,0.014273402214603964,0.03576061659228389,73.08591466978375,mean
CVX,large,60-day return,0,-0.04296431485376874,0.07198830816630267,61.04617182933957,mean
CVX,large,60-day return,1,0.13711277845037037,0.07942134271658806,38.95382817066043,mean
CVX,large,100-day return,0,-0.021930298890994286,0.04747386346496968,50.0,mean
CVX,large,100-day return,1,0.11664461723564083,0.1746424703594951,50.0,mean
HD,large,daily return,0,0.0011997119352267327,0.010330192301838693,86.38223261250731,sigma
HD,large,daily return,1,-0.0006943683320713034,0.02835058395805798,13.617767387492693,sigma
HD,large,rolling volatility,0,0.01045762409681697,0.003521176340582411,79.39801285797779,sigma
HD,large,rolling volatility,1,0.02123256340784257,0.010785089244603733,20.60198714202221,sigma
HD,large,absolute return,0,0.006756147477382635,0.005307196298352823,85.76855639976621,sigma
HD,large,absolute return,1,0.023069243560517358,0.016644173337884028,14.231443600233781,sigma
HD,large,20-day return,0,-0.030228428174571408,0.045924667016234245,47.04850964348334,mean
HD,large,20-day return,1,0.0602625842980539,0.03951283406606712,52.951490356516665,mean
HD,large,60-day return,0,-0.04300214924317104,0.06553900790124566,42.13909994155465,mean
HD,large,60-day return,1,0.12034254404264068,0.06431108428305396,57.86090005844535,mean
HD,large,100-day return,0,-0.007588217976586887,0.0806069087499613,52.7177089421391,mean
HD,large,100-day return,1,0.1931836247708432,0.08708121264157735,47.282291057860895,mean
INTC,large,daily return,0,0.0009596230735239731,0.012852572330656564,85.24254821741671,sigma
INTC,large,daily return,1,-0.0011700330290772896,0.03553502505698532,14.757451782583283,sigma
INTC,large,rolling volatility,0,0.01241111049739154,0.0038383500361406906,65.2542372881356,sigma
INTC,large,rolling volatility,1,0.024913689214447282,0.00938301499855842,34.74576271186441,sigma
INTC,large,absolute return,0,0.008689248905629658,0.006625881934220127,86.06078316773817,sigma
INTC,large,absolute return,1,0.030035757191868313,0.0213257939483338,13.939216832261836,sigma
INTC,large,20-day return,0,-0.05510426827269619,0.052060285281226144,43.27878433664524,mean
INTC,large,20-day return,1,0.06014317178849046,0.05282433382061427,56.72121566335476,mean
INTC,large,60-day return,0,-0.06309342575917483,0.07245904135782676,55.02630040911748,mean
INTC,large,60-day return,1,0.1344567916824848,0.07899876239530483,44.973699590882525,mean
INTC,large,100-day return,0,-0.06656914455231955,0.09646004427788733,56.779661016949156,mean
INTC,large,100-day return,1,0.18155332435470356,0.09584423053914982,43.22033898305085,mean
CSCO,large,daily return,0,0.0009124291114226871,0.010878144352441731,92.66510812390415,sigma
CSCO,large,daily return,1,-0.002737358503154368,0.03847719478319974,7.334891876095851,sigma
CSCO,large,rolling volatility,0,0.010889576205231427,0.0035489232351334347,73.3781414377557,sigma
CSCO,large,rolling volatility,1,0.02404702308325067,0.00888552565994388,26.6218585622443,sigma
CSCO,large,absolute return,0,0.007599121609232259,0.006019627135765846,89.94739918176505,sigma
CSCO,large,absolute return,1,0.02928555766517729,0.02270018343694972,10.05260081823495,sigma
CSCO,large,20-day return,0,-0.05507760308593382,0.04833942612454643,38.720046756282876,mean
CSCO,large,20-day return,1,0.049570487443818735,0.045032122198450264,61.279953243717124,mean
CSCO,large,60-day return,0,-0.05602497789407949,0.06992399043075281,53.38983050847458,mean
CSCO,large,60-day return,1,0.11803170157456677,0.06199791421080646,46.61016949152542,mean
CSCO,large,100-day return,0,-0.07876030994422338,0.08000502251110722,46.08416130917592,mean
CSCO,large,100-day return,1,0.14547994416297053,0.07870076062101876,53.91583869082408,mean
JNJ,large,daily return,0,0.0006438698597697822,0.007954634361229966,95.44126241963764,sigma
JNJ,large,daily return,1,-0.0011941804028381534,0.024671186194195678,4.5587375803623615,sigma
JNJ,large,rolling volatility,0,0.008326473552984083,0.0030239090773481613,92.19754529514903,sigma
JNJ,large,rolling volatility,1,0.020310850008614087,0.011002075225195813,7.802454704850964,sigma
JNJ,large,absolute return,0,0.0053476233453888505,0.004481038663661875,91.14552893045003,sigma
JNJ,large,absolute return,1,0.01901002208982567,0.013815008588347616,8.854471069549971,sigma
JNJ,large,20-day return,0,-0.020587089046296785,0.02982765105566785,53.7989479836353,mean
JNJ,large,20-day return,1,0.042372049257953966,0.029317923674069244,46.2010520163647,mean
JNJ,large,60-day return,0,-0.030365908659223804,0.03799778954286855,47.019286966686145,mean
JNJ,large,60-day return,1,0.07308662661009882,0.03871390013191361,52.980713033313855,mean
JNJ,large,100-day return,0,-0.03126975528035733,0.03812575646525939,41.788427819988314,mean
JNJ,large,100-day return,1,0.09494025095521126,0.05103481220695845,58.211572180011686,mean
VZ,large,daily return,0,0.0004430034606441962,0.008912370095677982,93.27878433664523,sigma
VZ,large,daily return,1,-8.391049159282012e-05,0.023191236118889718,6.721215663354762,sigma
VZ,large,rolling volatility,0,0.009339599060494131,0.0030211816419151707,88.77849210987726,sigma
VZ,large,rolling volatility,1,0.018654416758746427,0.007218983059033456,11.221507890122735,sigma
VZ,large,absolute return,0,0.0059606707892762055,0.004739408120517185,89.0999415546464,sigma
VZ,large,absolute return,1,0.01908523213639026,0.012656315925149292,10.900058445353594,sigma
VZ,large,20-day return,0,-0.02466776445931781,0.030569482032320544,58.211572180011686,mean
VZ,large,20-day return,1,0.05103550919557847,0.03335172880300046,41.788427819988314,mean
VZ,large,60-day return,0,-0.03705322712640244,0.04513327869115267,52.337814143775574,mean
VZ,large,60-day return,1,0.08038851957881915,0.050140722971671665,47.66218585622443,mean
VZ,large,100-day return,0,-0.02763414032226515,0.06144072150999879,62.36119228521333,mean
VZ,large,100-day return,1,0.1246374916586244,0.0613404831882027,37.63880771478668,mean
NEE,large,daily return,0,0.0009082816353183177,0.009546178370127771,88.74926943308007,sigma
NEE,large,daily return,1,-0.0007335644962596254,0.02867659547502497,11.250730566919929,sigma
NEE,large,rolling volatility,0,0.009404000298008112,0.003193566380695408,82.49561659848042,sigma
NEE,large,rolling volatility,1,0.021702591587464584,0.01069530168723815,17.50438340151958,sigma
NEE,large,absolute return,0,0.006599090731937404,0.005209535614635428,88.42781998831093,sigma
NEE,large,absolute return,1,0.023316830346405606,0.017785977501319408,11.57218001168907,sigma
NEE,large,20-day return,0,-0.013844109582357043,0.08239332828208862,31.765049678550554,mean
NEE,large,20-day return,1,0.027041128387230377,0.02557328657633646,68.23495032144945,mean
NEE,large,60-day return,0,-0.03989463407768761,0.05715233955890349,37.31735827001753,mean
NEE,large,60-day return,1,0.08290225545253103,0.04657829228645931,62.68264172998247,mean
NEE,large,100-day return,0,-0.0219344764365088,0.07177540207245434,42.694330800701344,mean
NEE,large,100-day return,1,0.1296225881435972,0.05284790625417851,57.305669199298656,mean
CAT,large,daily return,0,0.0010305814606847155,0.011849103474997002,73.84570426651081,sigma
CAT,large,daily return,1,0.00010558198475913481,0.027778647564172417,26.154295733489185,sigma
CAT,large,rolling volatility,0,0.013678614932537475,0.00404227279586777,76.0958503798948,sigma
CAT,large,rolling volatility,1,0.02551330545289657,0.007680767769714502,23.9041496201052,sigma
CAT,large,absolute return,0,0.008349037273527548,0.006367592030279521,82.0280537697253,sigma
CAT,large,absolute return,1,0.028134416624356916,0.016990254830355662,17.971946230274693,sigma
CAT,large,20-day return,0,-0.05657329325793104,0.05373946806954689,41.75920514319111,mean
CAT,large,20-day return,1,0.06537421401086203,0.05648585715825035,58.24079485680889,mean
CAT,large,60-day return,0,-0.06733494357707308,0.07771465870573309,51.02279368790181,mean
CAT,large,60-day return,1,0.15397490431652497,0.0797565197110747,48.97720631209819,mean
CAT,large,100-day return,0,-0.048766784488524006,0.09933293758749027,60.84161309175921,mean
CAT,large,100-day return,1,0.2527524264293454,0.10768110654447335,39.15838690824079,mean
DECK,mid,daily return,0,0.0014111298240285343,0.017774790134250637,86.55756867329048,sigma
DECK,mid,daily return,1,0.00010609669131199983,0.04940333369028872,13.442431326709524,sigma
DECK,mid,rolling volatility,0,0.018608722422456696,0.004948608503203383,68.90707188778492,sigma
DECK,mid,rolling volatility,1,0.036100172351313235,0.011224326593457892,31.09292811221508,sigma
DECK,mid,absolute return,0,0.01305001084149793,0.009531621544770351,88.25248392752776,sigma
DECK,mid,absolute return,1,0.045171579051708176,0.031073522744391388,11.747516072472239,sigma
DECK,mid,20-day return,0,-0.0503627524876949,0.07428499897276883,57.86090005844535,mean
DECK,mid,20-day return,1,0.11646147012368789,0.07927484319855595,42.13909994155465,mean
DECK,mid,60-day return,0,-0.10680455831022091,0.10871177573921254,41.99298655756867,mean
DECK,mid,60-day return,1,0.1909543858216439,0.13507823518027762,58.00701344243133,mean
DECK,mid,100-day return,0,-0.16370418741467174,0.13539272547127745,33.89830508474576,mean
DECK,mid,100-day return,1,0.2552022489685023,0.17263355600765398,66.10169491525424,mean
SIG,mid,daily return,0,0.0007783184532001234,0.018061615031674645,78.46288720046756,sigma
SIG,mid,daily return,1,0.0018895323143996697,0.06415422780914933,21.537112799532437,sigma
SIG,mid,rolling volatility,0,0.01730054241843185,0.0058150352985751825,58.76680303915839,sigma
SIG,mid,rolling volatility,1,0.04423743566062178,0.020265775516406532,41.23319696084161,sigma
SIG,mid,absolute return,0,0.013213333335847934,0.010193757978170183,84.2197545295149,sigma
SIG,mid,absolute return,1,0.056288817100590534,0.04453152788422616,15.780245470485097,sigma
SIG,mid,20-day return,0,0.01158054168135569,0.05826444716329381,66.16014026884862,mean
SIG,mid,20-day return,1,0.03555310771493197,0.2366395271993226,33.83985973115137,mean
SIG,mid,60-day return,0,0.030578084495999754,0.09129833403906601,55.669199298655755,mean
SIG,mid,60-day return,1,0.09025618459530127,0.3980420765004671,44.330800701344245,mean
SIG,mid,100-day return,0,-0.01954048496950752,0.23612031401949285,86.87901811805962,mean
SIG,mid,100-day return,1,0.9083000955131308,0.44383475100029984,13.120981881940386,mean
MAT,mid,daily return,0,0.00030446431375530906,0.014145264162220639,84.7457627118644,sigma
MAT,mid,daily return,1,0.00037715172261585826,0.04438150252005923,15.254237288135593,sigma
MAT,mid,rolling volatility,0,0.01425703933488342,0.004712787618964023,69.81297486849796,sigma
MAT,mid,rolling volatility,1,0.031444959808635646,0.011232874473495275,30.187025131502043,sigma
MAT,mid,absolute return,0,0.009762893193788423,0.007298041922687462,86.06078316773817,sigma
MAT,mid,absolute return,1,0.03705268033390757,0.02694617524954043,13.939216832261836,sigma
MAT,mid,20-day return,0,-0.06319488149358976,0.06726936319923994,46.78550555230859,mean
MAT,mid,20-day return,1,0.06854881952049141,0.06542130485761675,53.21449444769141,mean
MAT,mid,60-day return,0,-0.10712348975444712,0.09252828172218126,48.83109292811221,mean
MAT,mid,60-day return,1,0.1279992805352215,0.1042897346371156,51.16890707188778,mean
MAT,mid,100-day return,0,-0.1430477093192941,0.09320723390581047,43.39567504383402,mean
MAT,mid,100-day return,1,0.1535420251154053,0.1539711383460142,56.60432495616598,mean
HOG,mid,daily return,0,5.4710843170434375e-05,0.016220753532246245,90.38573933372297,sigma
HOG,mid,daily return,1,0.0028715396336081627,0.05210676050419652,9.614260666277032,sigma
HOG,mid,rolling volatility,0,0.01638296769935802,0.004833026490817712,78.46288720046756,sigma
HOG,mid,rolling volatility,1,0.03647920272768996,0.016126295184560203,21.537112799532437,sigma
HOG,mid,absolute return,0,0.010801187730904164,0.008151455862482596,86.32378725891292,sigma
HOG,mid,absolute return,1,0.04008682519137206,0.029219492185461656,13.676212741087085,sigma
HOG,mid,20-day return,0,-0.05465297448957678,0.06478177631958267,57.919345412039746,mean
HOG,mid,20-day return,1,0.09169380215831024,0.07096799922152573,42.08065458796026,mean
HOG,mid,60-day return,0,-0.09716271386361312,0.09531071886269735,50.5260081823495,mean
HOG,mid,60-day return,1,0.13679280633689225,0.10863012624146226,49.4739918176505,mean
HOG,mid,100-day return,0,-0.0973157328350879,0.10779099637764732,57.24722384570426,mean
HOG,mid,100-day return,1,0.2016419052098428,0.1344739932168333,42.75277615429574,mean
ANF,mid,daily return,0,0.0009741035021685349,0.023264305779429305,94.593804792519,sigma
ANF,mid,daily return,1,0.0009387693522665147,0.08499828301464897,5.406195207481005,sigma
ANF,mid,rolling volatility,0,0.023161087514606604,0.005646206887366407,66.2478082992402,sigma
ANF,mid,rolling volatility,1,0.045986617919948264,0.012913179376609954,33.75219170075979,sigma
ANF,mid,absolute return,0,0.01614208957396651,0.01184522039033809,89.45061367621274,sigma
ANF,mid,absolute return,1,0.06292091999964475,0.04562999499433624,10.549386323787258,sigma
ANF,mid,20-day return,0,-0.08983309187907307,0.10034551958362585,52.1917007597896,mean
ANF,mid,20-day return,1,0.13905519586838994,0.11197899129114473,47.8082992402104,mean
ANF,mid,60-day return,0,-0.12073544512053959,0.1522504565151862,63.64699006428989,mean
ANF,mid,60-day return,1,0.3449292229036294,0.18831564708864343,36.35300993571011,mean
ANF,mid,100-day return,0,-0.19918582755431152,0.15439466469211613,56.37054354178843,mean
ANF,mid,100-day return,1,0.4606439790753749,0.3400129107495887,43.62945645821157,mean
RRGB,mid,daily return,0,6.594824181298907e-05,0.019717854202572428,83.45996493278784,sigma
RRGB,mid,daily return,1,0.0025744409624448724,0.07390600152676192,16.540035067212155,sigma
RRGB,mid,rolling volatility,0,0.019183135222369845,0.005456131089247287,58.97136177673875,sigma
RRGB,mid,rolling volatility,1,0.04651208777545282,0.02168079074201697,41.02863822326125,sigma
RRGB,mid,absolute return,0,0.014694303687412444,0.01148280632409675,86.82057276446523,sigma
RRGB,mid,absolute return,1,0.06338265874105016,0.05120304365017404,13.179427235534774,sigma
RRGB,mid,20-day return,0,0.0051704968430672255,0.07364190789551195,68.64406779661016,mean
RRGB,mid,20-day return,1,0.019132086048422987,0.2583341455973,31.35593220338983,mean
RRGB,mid,60-day return,0,-0.09881559906716411,0.12533866989079528,62.390414962010524,mean
RRGB,mid,60-day return,1,0.2252297527557301,0.35338745355937057,37.609585037989476,mean
RRGB,mid,100-day return,0,-0.1321127368859752,0.20426908025822663,75.27761542957336,mean
RRGB,mid,100-day return,1,0.5720759473181961,0.3749897404950542,24.72238457042665,mean
GT,mid,daily return,0,0.0005797572989376214,0.018108202572176425,82.78784336645236,sigma
GT,mid,daily return,1,0.00019468020972564465,0.05013112986910498,17.212156633547632,sigma
GT,mid,rolling volatility,0,0.01939314316205081,0.005818200009306661,76.12507305669199,sigma
GT,mid,rolling volatility,1,0.04135084086039562,0.013430996178205912,23.874926943308004,sigma
GT,mid,absolute return,0,0.011717083324587348,0.00874975636867697,79.51490356516658,sigma
GT,mid,absolute return,1,0.04125986862328195,0.028120566641141535,20.48509643483343,sigma
GT,mid,20-day return,0,-0.07344215496982928,0.08196192168061713,54.93863237872589,mean
GT,mid,20-day return,1,0.10828807324437767,0.09118187708180017,45.06136762127411,mean
GT,mid,60-day return,0,-0.10039216359388795,0.12860465999198833,61.163062536528344,mean
GT,mid,60-day return,1,0.22106604385865009,0.15033344074760688,38.836937463471656,mean
GT,mid,100-day return,0,-0.15137914062885113,0.1419902352199998,51.987142022209234,mean
GT,mid,100-day return,1,0.24444104393925986,0.2072661589034433,48.012857977790766,mean
M,mid,daily return,0,0.00030078838839282676,0.01732548140492483,79.281122150789,sigma
M,mid,daily return,1,0.0015213797492168069,0.055196349102091376,20.718877849210987,sigma
M,mid,rolling volatility,0,0.01677667271924822,0.004831935444708427,60.81239041496202,sigma
M,mid,rolling volatility,1,0.03926783379364294,0.014622763053153909,39.18760958503799,sigma
M,mid,absolute return,0,0.012321901427663314,0.00921509631082193,83.89830508474576,sigma
M,mid,absolute return,1,0.04904456534495793,0.03519030093826448,16.101694915254235,sigma
M,mid,20-day return,0,0.0012000267114252589,0.22431234135993508,30.070134424313267,mean
M,mid,20-day return,1,0.015345719516185968,0.05682294314322403,69.92986557568673,mean
M,mid,60-day return,0,-0.09844993978951909,0.11549141111339602,56.13676212741087,mean
M,mid,60-day return,1,0.19577552011725366,0.25838401411743706,43.86323787258913,mean
M,mid,100-day return,0,-0.11429061777504622,0.18105003777237322,66.97837521917008,mean
M,mid,100-day return,1,0.3701943750448507,0.304279160310117,33.021624780829924,mean
KSS,mid,daily return,0,0.0006621540763521747,0.016486233178654993,83.43074225599065,sigma
KSS,mid,daily return,1,-0.0004908833646744749,0.05919543866996483,16.569257744009352,sigma
KSS,mid,rolling volatility,0,0.017011502898264266,0.005662390407562466,69.14085330216247,sigma
KSS,mid,rolling volatility,1,0.04175559124535323,0.01758324196641833,30.85914669783752,sigma
KSS,mid,absolute return,0,0.011769618686239955,0.009309859810313589,85.03798947983636,sigma
KSS,mid,absolute return,1,0.05051576995351685,0.03777607724202893,14.962010520163647,sigma
KSS,mid,20-day return,0,-0.0038615976569633635,0.04510832644422852,56.779661016949156,mean
KSS,mid,20-day return,1,0.02164275160051197,0.18472317171105426,43.22033898305085,mean
KSS,mid,60-day return,0,0.00577790858943899,0.0752161917651385,62.09818819403857,mean
KSS,mid,60-day return,1,0.03872612742161222,0.3490804189397059,37.90181180596143,mean
KSS,mid,100-day return,0,0.009481507162466919,0.0986315626286594,67.79661016949152,mean
KSS,mid,100-day return,1,0.07769760165671549,0.5271779782101873,32.20338983050847,mean
AEO,mid,daily return,0,0.0012056232611571218,0.018871061355678984,84.48275862068965,sigma
AEO,mid,daily return,1,-0.00131434137534631,0.04916284124660141,15.517241379310345,sigma
AEO,mid,rolling volatility,0,0.019920096810866497,0.0048143145580328015,70.22209234365869,sigma
AEO,mid,rolling volatility,1,0.037722970980385,0.011733698958750186,29.777907656341323,sigma
AEO,mid,absolute return,0,0.012519848052579061,0.008960869462938505,82.6125073056692,sigma
AEO,mid,absolute return,1,0.042511990783844045,0.028153448571444636,17.3874926943308,sigma
AEO,mid,20-day return,0,-0.06728908103498075,0.07297485137490056,54.8801870251315,mean
AEO,mid,20-day return,1,0.10349320536840463,0.08851011809812237,45.1198129748685,mean
AEO,mid,60-day return,0,-0.11438681193070419,0.11202497999619819,58.29924021040327,mean
AEO,mid,60-day return,1,0.23805187223177268,0.142800058601836,41.700759789596724,mean
AEO,mid,100-day return,0,-0.1695503917374448,0.12430376788368162,54.266510812390415,mean
AEO,mid,100-day return,1,0.3251457680404213,0.23928041001139486,45.733489187609585,mean
RL,mid,daily return,0,0.0005997926148486095,0.01519940721603702,87.84336645236704,sigma
RL,mid,daily return,1,-0.00013740777969604512,0.043781474148329634,12.156633547632962,sigma
RL,mid,rolling volatility,0,0.014921647519726267,0.004478940540432089,68.03039158386909,sigma
RL,mid,rolling volatility,1,0.030593215404694788,0.009866434081598862,31.969608416130917,sigma
RL,mid,absolute return,0,0.010061412768377374,0.007489397135673369,85.50555230859148,sigma
RL,mid,absolute return,1,0.035494563407701664,0.0251825375110902,14.494447691408533,sigma
RL,mid,20-day return,0,-0.05001204538554462,0.06299399784488233,57.481005260081815,mean
RL,mid,20-day return,1,0.08603458622432332,0.06094893996555731,42.51899473991818,mean
RL,mid,60-day return,0,-0.0988579287496408,0.09447716724049067,47.369959088252486,mean
RL,mid,60-day return,1,0.1323468666678841,0.10421638868638443,52.630040911747514,mean
RL,mid,100-day return,0,-0.11384120428570914,0.10293950088484867,50.35067212156633,mean
RL,mid,100-day return,1,0.18268325307318356,0.1416644192700703,49.64932787843367,mean
BBY,mid,daily return,0,0.0010947718702066552,0.017042173018774052,94.0677966101695,sigma
BBY,mid,daily return,1,-0.0033764114778801237,0.05892756648552093,5.932203389830509,sigma
BBY,mid,rolling volatility,0,0.016675951218657274,0.004272828614014734,68.4395090590298,sigma
BBY,mid,rolling volatility,1,0.03333759121143385,0.010432654497035593,31.560490940970194,sigma
BBY,mid,absolute return,0,0.012384637441305307,0.009255757665336265,91.40853302162478,sigma
BBY,mid,absolute return,1,0.04620675574521202,0.034328121689245296,8.59146697837522,sigma
BBY,mid,20-day return,0,-0.05949372711903025,0.07377610188894801,55.4646405610754,mean
BBY,mid,20-day return,1,0.09842715320764658,0.07238209733270885,44.5353594389246,mean
BBY,mid,60-day return,0,-0.10657741481601714,0.10693454459291463,53.506721215663354,mean
BBY,mid,60-day return,1,0.1967442193180898,0.15245502067431335,46.493278784336646,mean
BBY,mid,100-day return,0,-0.10654364509613173,0.12131495283991563,59.46814728229106,mean
BBY,mid,100-day return,1,0.2944721605548853,0.22819517113429935,40.531852717708944,mean
URBN,mid,daily return,0,7.283896109277444e-05,0.01778776448644568,84.54120397428404,sigma
URBN,mid,daily return,1,0.0015764103025496358,0.04981328171632177,15.458796025715957,sigma
URBN,mid,rolling volatility,0,0.017911081812793918,0.004903657081154378,63.939216832261835,sigma
URBN,mid,rolling volatility,1,0.036067536125948534,0.010258666415613543,36.060783167738165,sigma
URBN,mid,absolute return,0,0.012040862744425292,0.009010368563459202,84.01519579193454,sigma
URBN,mid,absolute return,1,0.04257275021856019,0.029209615893027303,15.984804208065459,sigma
URBN,mid,20-day return,0,-0.0538889041741077,0.07257478145851419,63.559322033898304,mean
URBN,mid,20-day return,1,0.11148637958315129,0.0807734273945082,36.440677966101696,mean
URBN,mid,60-day return,0,-0.110796273960757,0.10124051784198633,59.7895967270602,mean
URBN,mid,60-day return,1,0.2012213510406454,0.12825185099436062,40.2104032729398,mean
URBN,mid,100-day return,0,-0.1821358504800264,0.11000396622839649,48.71420222092343,mean
URBN,mid,100-day return,1,0.22908373316802935,0.18996920966023578,51.28579777907656,mean
XRAY,mid,daily return,0,0.0005200365561676385,0.011678507368892563,85.21332554061952,sigma
XRAY,mid,daily return,1,-0.0013360307926851413,0.034082078294566436,14.78667445938048,sigma
XRAY,mid,rolling volatility,0,0.011601155671909292,0.00363347808930943,77.177089421391,sigma
XRAY,mid,rolling volatility,1,0.026576563439432283,0.009016147132232399,22.822910578609,sigma
XRAY,mid,absolute return,0,0.007974893067662574,0.006220205898225636,87.87258912916424,sigma
XRAY,mid,absolute return,1,0.028672728541612867,0.021140226217566425,12.127410870835769,sigma
XRAY,mid,20-day return,0,0.0009172179729986254,0.10466266466206563,40.911747516072474,mean
XRAY,mid,20-day return,1,0.004498767744633306,0.029595275405218082,59.088252483927526,mean
XRAY,mid,60-day return,0,-0.10340860606486575,0.08487681607541464,41.11630625365284,mean
XRAY,mid,60-day return,1,0.08656694092543,0.07973942151402741,58.88369374634716,mean
XRAY,mid,100-day return,0,-0.150376167664109,0.09303856245282179,36.206896551724135,mean
XRAY,mid,100-day return,1,0.10875216429746123,0.11109679104212555,63.793103448275865,mean
EQT,mid,daily return,0,0.00036914032788489074,0.017362894685976897,61.776738749269434,sigma
EQT,mid,daily return,1,0.0009808437855235218,0.039607718798613245,38.223261250730566,sigma
EQT,mid,rolling volatility,0,0.016875737243045072,0.004541241261449329,59.234365867913496,sigma
EQT,mid,rolling volatility,1,0.035487326501334564,0.012537894731681832,40.7656341320865,sigma
EQT,mid,absolute return,0,0.011787269700283041,0.008826535989581212,77.14786674459381,sigma
EQT,mid,absolute return,1,0.039407240265669,0.026548227254127213,22.852133255406194,sigma
EQT,mid,20-day return,0,0.0013731355196780462,0.06542469584885825,78.37521917007598,mean
EQT,mid,20-day return,1,0.04584193504313043,0.2406678907306111,21.62478082992402,mean
EQT,mid,60-day return,0,0.000884170810658906,0.1576271135079089,96.17182933956751,mean
EQT,mid,60-day return,1,0.8547757158877302,0.3725977511743475,3.828170660432496,mean
EQT,mid,100-day return,0,-0.1645201230432767,0.12512108848903242,46.90239625949737,mean
EQT,mid,100-day return,1,0.2546941501740385,0.26214305421161244,53.09760374050263,mean
SON,mid,daily return,0,0.000612828473309205,0.010270936293052623,89.56750438340151,sigma
SON,mid,daily return,1,-0.0009183109783071066,0.02989702822650271,10.43249561659848,sigma
SON,mid,rolling volatility,0,0.010640162116601466,0.0033902533704127224,86.70368205727644,sigma
SON,mid,rolling volatility,1,0.024108275025372695,0.012488464963140378,13.296317942723554,sigma
SON,mid,absolute return,0,0.0070235236457368766,0.005462991949982367,89.62594973699592,sigma
SON,mid,absolute return,1,0.02460657379765687,0.017413498095539853,10.37405026300409,sigma
SON,mid,20-day return,0,-0.03323808904187481,0.036816516237207504,45.06136762127411,mean
SON,mid,20-day return,1,0.0410664960805681,0.03636362296250461,54.93863237872589,mean
SON,mid,60-day return,0,-0.04492778921585874,0.05283648156476642,46.464056107539456,mean
SON,mid,60-day return,1,0.07816834225853275,0.050626411817588715,53.535943892460544,mean
SON,mid,100-day return,0,-0.04323563008920443,0.05887929993073968,48.86031560490941,mean
SON,mid,100-day return,1,0.11021617956572954,0.05779164322881395,51.13968439509059,mean
BB,small,daily return,0,-0.001297583102602253,0.022751566509229496,92.16832261835184,sigma
BB,small,daily return,1,0.007089021067203753,0.0810060745686437,7.831677381648158,sigma
BB,small,rolling volatility,0,0.02527623605688243,0.0077798817364229,80.65458796025716,sigma
BB,small,rolling volatility,1,0.055903603100705836,0.022451079300569565,19.34541203974284,sigma
BB,small,absolute return,0,0.016004361742708396,0.01225593695328039,88.5447106954997,sigma
BB,small,absolute return,1,0.06448714820414828,0.048936317023304816,11.455289304500292,sigma
BB,small,20-day return,0,-0.08523546900942079,0.09769170969249659,67.85505552308592,mean
BB,small,20-day return,1,0.16932021224783755,0.19113302745611016,32.144944476914084,mean
BB,small,60-day return,0,-0.1665745985997875,0.1332810480550817,66.16014026884862,mean
BB,small,60-day return,1,0.28194117333379726,0.3159372681044881,33.83985973115137,mean
BB,small,100-day return,0,-0.21375763429271735,0.15689479438305615,64.61133839859731,mean
BB,small,100-day return,1,0.32769381378799556,0.35861080120838484,35.38866160140269,mean
GRMN,small,daily return,0,0.0006430576535268263,0.01175313245028453,93.01578024547048,sigma
GRMN,small,daily return,1,0.000957299663134748,0.035710460311150924,6.984219754529515,sigma
GRMN,small,rolling volatility,0,0.012475745854161073,0.003852825346638218,74.25482174167153,sigma
GRMN,small,rolling volatility,1,0.023592780131273142,0.007485177035908715,25.745178258328462,sigma
GRMN,small,absolute return,0,0.00792317371318624,0.006086611690551314,87.37580362361193,sigma
GRMN,small,absolute return,1,0.027763677839824162,0.019774269232302064,12.624196376388078,sigma
GRMN,small,20-day return,0,-0.034014745369913196,0.04615504983787047,55.639976621858565,mean
GRMN,small,20-day return,1,0.07084605729005584,0.05130234755055934,44.36002337814144,mean
GRMN,small,60-day return,0,-0.061030353227140004,0.07692795749817612,50.87668030391583,mean
GRMN,small,60-day return,1,0.1400181299786754,0.0852432054697031,49.12331969608416,mean
GRMN,small,100-day return,0,-0.08684361724494523,0.08718610937094884,44.710695499707775,mean
GRMN,small,100-day return,1,0.1830286208701085,0.10142252361225146,55.289304500292225,mean
PLUG,small,daily return,0,-0.00284044743407639,0.033759732590827395,85.97311513734658,sigma
PLUG,small,daily return,1,0.022705236503097997,0.11755181139887824,14.026884862653418,sigma
PLUG,small,rolling volatility,0,0.03719084845339658,0.011767510089258743,76.30040911747517,sigma
PLUG,small,rolling volatility,1,0.08851126608556738,0.034943898994756147,23.69959088252484,sigma
PLUG,small,absolute return,0,0.024578907103426983,0.01920721655411129,86.3530099357101,sigma
PLUG,small,absolute return,1,0.09764181360228741,0.07826512479617848,13.646990064289888,sigma
PLUG,small,20-day return,0,-0.06692799276638196,0.13048793500310343,76.32963179427236,mean
PLUG,small,20-day return,1,0.35644858939759316,0.4768004597993367,23.670368205727645,mean
PLUG,small,60-day return,0,-0.15830542786677962,0.21444960509365985,73.64114552893045,mean
PLUG,small,60-day return,1,0.9957595881543454,1.063303206409491,26.35885447106955,mean
PLUG,small,100-day return,0,-0.1640393734929541,0.2779843779932612,80.12857977790766,mean
PLUG,small,100-day return,1,2.2256611522068592,2.4959355992993553,19.871420222092343,mean
RIG,small,daily return,0,-0.0014449446058367745,0.024568918107473282,72.58912916423145,sigma
RIG,small,daily return,1,0.005054468402806451,0.07022756401849006,27.41087083576856,sigma
RIG,small,rolling volatility,0,0.022690380320510607,0.007566961548059785,59.67270601987143,sigma
RIG,small,rolling volatility,1,0.05209405977119201,0.023806491611492665,40.32729398012858,sigma
RIG,small,absolute return,0,0.015975839657935267,0.012064446432886273,79.8947983635301,sigma
RIG,small,absolute return,1,0.0596161637820993,0.045824255205596215,20.1052016364699,sigma
RIG,small,20-day return,0,-0.03886606695641025,0.08778085885033114,69.520748100526,mean
RIG,small,20-day return,1,0.10751704933230924,0.31731456088166904,30.47925189947399,mean
RIG,small,60-day return,0,-0.0697075117889619,0.1464328451653852,71.09877264757452,mean
RIG,small,60-day return,1,0.2506106140976211,0.6581642195237577,28.901227352425487,mean
RIG,small,100-day return,0,-0.11363816881132541,0.18642600212924976,74.4301578024547,mean
RIG,small,100-day return,1,0.4243895307520275,0.8594839125116045,25.569842197545295,mean
IMAX,small,daily return,0,-0.0003030886697057405,0.019495677369533962,90.97019286966686,sigma
IMAX,small,daily return,1,0.005077108604086,0.062167594444002404,9.029807130333138,sigma
IMAX,small,rolling volatility,0,0.01848043358654653,0.0051731130581725415,73.99181765049678,sigma
IMAX,small,rolling volatility,1,0.039313300305312986,0.020263262309461152,26.008182349503215,sigma
IMAX,small,absolute return,0,0.012436484808308931,0.009388652526102706,85.71011104617183,sigma
IMAX,small,absolute return,1,0.04364588039820127,0.03546497229322519,14.28988895382817,sigma
IMAX,small,20-day return,0,-0.08967074358647982,0.07856766320798741,43.191116306253654,mean
IMAX,small,20-day return,1,0.08127237074909273,0.08008605208199956,56.808883693746346,mean
IMAX,small,60-day return,0,-0.14296307909651393,0.12836814337208918,43.74634716540035,mean
IMAX,small,60-day return,1,0.14447565718325298,0.1459421525299876,56.253652834599656,mean
IMAX,small,100-day return,0,-0.04856400090004143,0.0860134005046292,56.5166569257744,mean
IMAX,small,100-day return,1,0.1395597448809347,0.34018712296344283,43.4833430742256,mean
NOK,small,daily return,0,0.00030509953285419184,0.016678382467761238,86.58679135008767,sigma
NOK,small,daily return,1,-0.0004756664303611079,0.057520255111997605,13.413208649912331,sigma
NOK,small,rolling volatility,0,0.017364627787524824,0.0047155163005375995,74.02104032729399,sigma
NOK,small,rolling volatility,1,0.03958873261549105,0.01603014978238762,25.97895967270602,sigma
NOK,small,absolute return,0,0.011897838893251573,0.009160399091483725,87.28813559322035,sigma
NOK,small,absolute return,1,0.04615424216566104,0.037173837859219905,12.711864406779661,sigma
NOK,small,20-day return,0,-0.001433017302384783,0.044714429981078475,61.630625365283464,mean
NOK,small,20-day return,1,0.008317487357456532,0.1811593915171271,38.36937463471654,mean
NOK,small,60-day return,0,-0.06605494477516527,0.082544066217256,59.46814728229106,mean
NOK,small,60-day return,1,0.11115315741923042,0.28057283999205596,40.531852717708944,mean
NOK,small,100-day return,0,-0.09886689872440149,0.11118966888714085,68.08883693746347,mean
NOK,small,100-day return,1,0.2294238865552759,0.36245871260118784,31.91116306253653,mean
SIRI,small,daily return,0,0.00034551983079004534,0.012826393349064592,81.26826417299824,sigma
SIRI,small,daily return,1,0.0025113134894845044,0.03966370702985702,18.731735827001753,sigma
SIRI,small,rolling volatility,0,0.012921121513715906,0.004108168905841833,70.39742840444184,sigma
SIRI,small,rolling volatility,1,0.029294622764542293,0.014492264957774881,29.602571595558153,sigma
SIRI,small,absolute return,0,0.009195623720594705,0.007148528145515106,86.06078316773817,sigma
SIRI,small,absolute return,1,0.0341035555822817,0.027479765102076004,13.939216832261836,sigma
SIRI,small,20-day return,0,-0.0013003548159786988,0.03507483859323856,63.383985973115145,mean
SIRI,small,20-day return,1,0.0376380976915501,0.12709657976702576,36.61601402688486,mean
SIRI,small,60-day return,0,-0.05253256277656969,0.09233258006755109,52.30859146697837,mean
SIRI,small,60-day return,1,0.14272236185012893,0.0993768396525043,47.69140853302162,mean
SIRI,small,100-day return,0,0.05133452204026098,0.07140249602386894,63.82232612507306,mean
SIRI,small,100-day return,1,0.09338768838852012,0.27025548547682926,36.17767387492694,mean
XRX,small,daily return,0,0.000907084989655369,0.015285663009721218,87.40502630040912,sigma
XRX,small,daily return,1,-0.002395886162697752,0.04687514673568768,12.594973699590884,sigma
XRX,small,rolling volatility,0,0.016015871572038796,0.004618511182093327,77.7615429573349,sigma
XRX,small,rolling volatility,1,0.03420059989700412,0.013865940412357995,22.238457042665107,sigma
XRX,small,absolute return,0,0.010432554900113803,0.007965459343412647,86.09000584453536,sigma
XRX,small,absolute return,1,0.03743655651624541,0.02807584429809233,13.909994155464641,sigma
XRX,small,20-day return,0,-0.005363396459716009,0.1692027105369955,26.563413208649912,mean
XRX,small,20-day return,1,0.010548133030254299,0.04837446930048411,73.4365867913501,mean
XRX,small,60-day return,0,-0.08082651012839583,0.10311235684047534,60.37405026300409,mean
XRX,small,60-day return,1,0.14953191060251975,0.10585307892175895,39.625949736995906,mean
XRX,small,100-day return,0,-0.07461519864541934,0.13068150838965817,68.03039158386909,mean
XRX,small,100-day return,1,0.22401563849393302,0.112585463550713,31.969608416130917,mean
GME,small,daily return,0,-0.0007658900722761407,0.024038687567145313,88.72004675628288,sigma
GME,small,daily return,1,0.02060537315270198,0.15189859217066498,11.279953243717125,sigma
GME,small,rolling volatility,0,0.022211148349086263,0.006888390070916035,72.32612507305669,sigma
GME,small,rolling volatility,1,0.07731591432689953,0.06674028501973434,27.67387492694331,sigma
GME,small,absolute return,0,0.016984160496085306,0.013679098277904658,87.60958503798948,sigma
GME,small,absolute return,1,0.09640065117898385,0.11675807914771258,12.39041496201052,sigma
GME,small,20-day return,0,-0.01266610694579412,0.13566050117312226,94.73991817650497,mean
GME,small,20-day return,1,1.0632460305877043,2.035166464958125,5.260081823495033,mean
GME,small,60-day return,0,-0.022683251097615948,0.2155463189133256,93.68790181180596,mean
GME,small,60-day return,1,3.226348781813266,4.601043021675351,6.312098188194039,mean
GME,small,100-day return,0,-0.059291983761176094,0.22642567064786798,90.15195791934542,mean
GME,small,100-day return,1,4.4856367441639895,5.860667220417239,9.848042080654588,mean
DDS,small,daily return,0,0.00048363031207567783,0.01869949177135273,83.57685563997663,sigma
DDS,small,daily return,1,0.004921915343621815,0.0636572963167775,16.42314436002338,sigma
DDS,small,rolling volatility,0,0.019531734258585263,0.006254679149509945,64.31911163062537,sigma
DDS,small,rolling volatility,1,0.04455749168439009,0.018238461480319077,35.680888369374635,sigma
DDS,small,absolute return,0,0.01353787607752698,0.010494244897236445,84.39509059029807,sigma
DDS,small,absolute return,1,0.0548982454636338,0.041119469899517015,15.604909409701929,sigma
DDS,small,20-day return,0,-0.0517096066394549,0.0873950272869887,62.62419637638808,mean
DDS,small,20-day return,1,0.15572340064669984,0.11735692307360969,37.37580362361192,mean
DDS,small,60-day return,0,-0.08968568684647249,0.10858667253875362,49.4447691408533,mean
DDS,small,60-day return,1,0.24751335684340106,0.2515997815414141,50.5552308591467,mean
DDS,small,100-day return,0,-0.032694660596560884,0.13909001306138588,63.50087668030392,mean
DDS,small,100-day return,1,0.45830609359843716,0.46283156134022274,36.49912331969609,mean
NTGR,small,daily return,0,0.0005341746332508507,0.016864221123566548,92.51899473991818,sigma
NTGR,small,daily return,1,-0.0011516604948571753,0.05932678059626853,7.481005260081823,sigma
NTGR,small,rolling volatility,0,0.016771327550932604,0.004762147279407846,66.94915254237289,sigma
NTGR,small,rolling volatility,1,0.034548240814101516,0.010093163573609098,33.05084745762712,sigma
NTGR,small,absolute return,0,0.01202377127110251,0.009156507208733098,90.7364114552893,sigma
NTGR,small,absolute return,1,0.047482738360879774,0.03496778778276853,9.263588544710695,sigma
NTGR,small,20-day return,0,-0.05420130827620022,0.06685308261103068,64.81589713617767,mean
NTGR,small,20-day return,1,0.11303595058514367,0.08936844020871078,35.184102863822325,mean
NTGR,small,60-day return,0,-0.11305895413093354,0.09292861788014849,57.83167738164816,mean
NTGR,small,60-day return,1,0.1814340047382162,0.12470088955555247,42.16832261835184,mean
NTGR,small,100-day return,0,-0.09902625175477647,0.11426640179128728,68.52717708942139,mean
NTGR,small,100-day return,1,0.26302635284782205,0.16260825241492924,31.472822910578607,mean
HIMX,small,daily return,0,-0.001255528569613584,0.023969012333784834,83.72296902396259,sigma
HIMX,small,daily return,1,0.009067483377305646,0.06479495011954037,16.277030976037405,sigma
HIMX,small,rolling volatility,0,0.025082517358846694,0.0063120600363829275,62.53652834599649,sigma
HIMX,small,rolling volatility,1,0.04748403105330055,0.012196572844760473,37.463471654003506,sigma
HIMX,small,absolute return,0,0.01609882833634211,0.012058963419390258,82.26183518410286,sigma
HIMX,small,absolute return,1,0.056773577927376764,0.03767989544180719,17.738164815897136,sigma
HIMX,small,20-day return,0,-0.06868973800493963,0.10178042320399404,70.89421390999415,mean
HIMX,small,20-day return,1,0.23516806868985718,0.16225049507574224,29.105786090005843,mean
HIMX,small,60-day return,0,-0.1534558284376516,0.12715721793095003,56.779661016949156,mean
HIMX,small,60-day return,1,0.37911091219706616,0.36818471508956324,43.22033898305085,mean
HIMX,small,100-day return,0,-0.13298321796789445,0.1825960447071556,69.84219754529515,mean
HIMX,small,100-day return,1,0.7516665648066373,0.5860932941705,30.15780245470485,mean
SCVL,small,daily return,0,0.00021327941017623648,0.020633223751276523,91.55464640561075,sigma
SCVL,small,daily return,1,0.005458839264009971,0.06524085556475151,8.445353594389246,sigma
SCVL,small,rolling volatility,0,0.019938032380075806,0.005364655173068575,69.34541203974284,sigma
SCVL,small,rolling volatility,1,0.04014932963484215,0.01646483486019749,30.654587960257157,sigma
SCVL,small,absolute return,0,0.013678037187531201,0.010401063766472254,86.49912331969608,sigma
SCVL,small,absolute return,1,0.04815266865898344,0.036732897942028976,13.500876680303916,sigma
SCVL,small,20-day return,0,-0.05651131336671991,0.07755355105282241,62.82875511396844,mean
SCVL,small,20-day return,1,0.12813543506417777,0.09658798198281986,37.17124488603156,mean
SCVL,small,60-day return,0,-0.0957230483119049,0.1129411307582469,54.178842781998824,mean
SCVL,small,60-day return,1,0.1968022560501749,0.1371145694025509,45.82115721800117,mean
SCVL,small,100-day return,0,-0.14106853281873374,0.11831471580577928,46.639392168322615,mean
SCVL,small,100-day return,1,0.25451487923545935,0.18773059042508458,53.360607831677385,mean
CATO,small,daily return,0,0.0005942183691730031,0.017426406976085152,89.04149620105201,sigma
CATO,small,daily return,1,-0.0020298561346251166,0.04923806554151622,10.958503798947984,sigma
CATO,small,rolling volatility,0,0.017148960867930572,0.004395942487395597,66.27703097603741,sigma
CATO,small,rolling volatility,1,0.03344725681443263,0.009409310329711857,33.7229690239626,sigma
CATO,small,absolute return,0,0.012370183530683174,0.00916998967075072,88.80771478667447,sigma
CATO,small,absolute return,1,0.04239834042076766,0.029005599414584478,11.19228521332554,sigma
CATO,small,20-day return,0,-0.06739078062150754,0.06401489663985278,51.28579777907656,mean
CATO,small,20-day return,1,0.07519878351503867,0.08278515818814892,48.71420222092343,mean
CATO,small,60-day return,0,-0.0817164456263124,0.10346625622655546,71.06954997077733,mean
CATO,small,60-day return,1,0.22517527326636932,0.17667993311772012,28.930450029222676,mean
CATO,small,100-day return,0,-0.12338053153486521,0.13485979190097963,63.793103448275865,mean
CATO,small,100-day return,1,0.27711739026143756,0.24400016283604026,36.206896551724135,mean
HCSG,small,daily return,0,0.000429638870590587,0.014161868344751126,94.41846873173583,sigma
HCSG,small,daily return,1,-0.0012724330608084697,0.05333100737049035,5.581531268264173,sigma
HCSG,small,rolling volatility,0,0.013651775609129698,0.004227159190559038,75.39450613676213,sigma
HCSG,small,rolling volatility,1,0.030743456456577414,0.011808092201731388,24.605493863237875,sigma
HCSG,small,absolute return,0,0.009785500943581901,0.007575342793002529,90.97019286966686,sigma
HCSG,small,absolute return,1,0.039325039787854274,0.030120694917376557,9.029807130333138,sigma
HCSG,small,20-day return,0,-0.07863229991619308,0.0604825939629821,32.96317942723553,mean
HCSG,small,20-day return,1,0.045361008651857763,0.053095793725596155,67.03682057276447,mean
HCSG,small,60-day return,0,-0.12246366604179901,0.08729179810488731,37.14202220923436,mean
HCSG,small,60-day return,1,0.08520226642563153,0.07236872163310562,62.85797779076563,mean
HCSG,small,100-day return,0,-0.20481154699851128,0.09279766191475053,24.430157802454705,mean
HCSG,small,100-day return,1,0.08758527514895131,0.104679337444912,75.5698421975453,mean
NBTB,small,daily return,0,0.00045806705509436493,0.013499360101590613,88.74926943308007,sigma
NBTB,small,daily return,1,0.000624084521701544,0.03597462385559109,11.250730566919929,sigma
NBTB,small,rolling volatility,0,0.013103231584435828,0.0035074355863828326,84.01519579193454,sigma
NBTB,small,rolling volatility,1,0.02952985717825787,0.010427842779539979,15.984804208065459,sigma
NBTB,small,absolute return,0,0.009091040032123188,0.006739262276147467,88.13559322033898,sigma
NBTB,small,absolute return,1,0.030174404920450065,0.019838822601875913,11.864406779661017,sigma
NBTB,small,20-day return,0,-0.048408684831955415,0.04036099966265283,43.27878433664524,mean
NBTB,small,20-day return,1,0.05094271233055163,0.04341478766966128,56.72121566335476,mean
NBTB,small,60-day return,0,-0.060789004158205,0.05865119615006375,48.655756867329046,mean
NBTB,small,60-day return,1,0.09480011185167479,0.06837283945249167,51.344243132670954,mean
NBTB,small,100-day return,0,-0.05730845910720868,0.07403100751178245,50.87668030391583,mean
NBTB,small,100-day return,1,0.12717314917860062,0.09042427672915886,49.12331969608416,mean
MTRN,small,daily return,0,0.00016988733865706847,0.018060030620415498,91.291642314436,sigma
MTRN,small,daily return,1,0.0056608245083119395,0.056415876191805873,8.708357685563998,sigma
MTRN,small,rolling volatility,0,0.018318625127378568,0.005224388376036296,77.06019871420222,sigma
MTRN,small,rolling volatility,1,0.038631627549944605,0.012720326808939513,22.939801285797778,sigma
MTRN,small,absolute return,0,0.011845080051128,0.008882269493434724,86.32378725891292,sigma
MTRN,small,absolute return,1,0.0419799720297847,0.030789543968703065,13.676212741087085,sigma
MTRN,small,20-day return,0,-0.04665932837573338,0.06871804214085066,63.5885447106955,mean
MTRN,small,20-day return,1,0.1214137338105271,0.08110958716509961,36.4114552893045,mean
MTRN,small,60-day return,0,-0.09104969971299155,0.09765547654776198,49.59088252483927,mean
MTRN,small,60-day return,1,0.17865652636348173,0.12725074593445884,50.40911747516073,mean
MTRN,small,100-day return,0,-0.06413049284653795,0.12539305599900408,59.40970192869667,mean
MTRN,small,100-day return,1,0.2635173623582172,0.15469314880831228,40.59029807130333,mean
