Price,Close
Ticker,SIRI
Date,
2018-01-02,42.16976547241211
2018-01-03,42.16976547241211
2018-01-04,42.97917175292969
2018-01-05,43.14103698730469
2018-01-08,42.97917175292969
2018-01-09,42.97917175292969
2018-01-10,45.00267028808594
2018-01-11,44.51704025268555
2018-01-12,44.35515213012695
2018-01-16,43.545753479003906
2018-01-17,44.03139877319336
2018-01-18,44.27422332763672
2018-01-19,45.32644271850586
2018-01-22,45.73114013671875
2018-01-23,45.97395706176758
2018-01-24,46.37865447998047
2018-01-25,46.702423095703125
2018-01-26,48.402164459228516
2018-01-29,48.402164459228516
2018-01-30,48.15934753417969
2018-01-31,49.45438766479492
2018-02-01,49.45438766479492
2018-02-02,49.45438766479492
2018-02-05,48.725921630859375
2018-02-06,49.058380126953125
2018-02-07,48.65294647216797
2018-02-08,47.436622619628906
2018-02-09,47.193355560302734
2018-02-12,47.436622619628906
2018-02-13,48.32857894897461
2018-02-14,49.38273620605469
2018-02-15,49.869258880615234
2018-02-16,49.54491424560547
2018-02-20,49.54491424560547
2018-02-21,49.707096099853516
2018-02-22,49.869258880615234
2018-02-23,50.84233093261719
2018-02-26,51.32884979248047
2018-02-27,51.00450134277344
2018-02-28,50.92341232299805
2018-03-01,51.00450134277344
2018-03-02,51.085594177246094
2018-03-05,51.24776077270508
2018-03-06,51.572120666503906
2018-03-07,52.464080810546875
2018-03-08,52.5451774597168
2018-03-09,53.03170394897461
2018-03-12,53.51824188232422
2018-03-13,52.95062255859375
2018-03-14,52.5451774597168
2018-03-15,51.8964729309082
2018-03-16,52.5451774597168
2018-03-19,51.409942626953125
2018-03-20,51.24776077270508
2018-03-21,51.653202056884766
2018-03-22,50.76123809814453
2018-03-23,50.03145217895508
2018-03-26,51.24776077270508
2018-03-27,50.27471160888672
2018-03-28,50.11253356933594
2018-03-29,50.59906768798828
2018-04-02,49.54491424560547
2018-04-03,49.95035934448242
2018-04-04,51.00450134277344
2018-04-05,51.16667556762695
2018-04-06,50.76123809814453
2018-04-09,50.76123809814453
2018-04-10,50.84233093261719
2018-04-11,50.68015670776367
2018-04-12,50.517967224121094
2018-04-13,50.193626403808594
2018-04-16,50.03145217895508
2018-04-17,50.68015670776367
2018-04-18,51.572120666503906
2018-04-19,51.409942626953125
2018-04-20,51.16667556762695
2018-04-23,51.32884979248047
2018-04-24,50.84233093261719
2018-04-25,50.68015670776367
2018-04-26,51.16667556762695
2018-04-27,51.085594177246094
2018-04-30,51.32884979248047
2018-05-01,51.24776077270508
2018-05-02,51.24776077270508
2018-05-03,52.70735549926758
2018-05-04,54.08586502075195
2018-05-07,54.41019821166992
2018-05-08,53.76150131225586
2018-05-09,54.98795700073242
2018-05-10,55.39408874511719
2018-05-11,55.15041732788086
2018-05-14,55.637760162353516
2018-05-15,55.800201416015625
2018-05-16,56.287540435791016
2018-05-17,55.9626350402832
2018-05-18,56.61243438720703
2018-05-21,56.85610580444336
2018-05-22,56.368770599365234
2018-05-23,56.287540435791016
2018-05-24,56.20631790161133
2018-05-25,56.44998550415039
2018-05-29,56.69364929199219
2018-05-30,57.830772399902344
2018-05-31,57.66832733154297
2018-06-01,57.42465591430664
2018-06-04,57.66832733154297
2018-06-05,57.34343719482422
2018-06-06,58.074424743652344
2018-06-07,58.3181266784668
2018-06-08,58.805450439453125
2018-06-11,58.643001556396484
2018-06-12,59.04911422729492
2018-06-13,59.37400817871094
2018-06-14,59.942569732666016
2018-06-15,61.56704330444336
2018-06-18,62.05437088012695
2018-06-19,60.673580169677734
2018-06-20,60.99848556518555
2018-06-21,58.15565872192383
2018-06-22,57.99321746826172
2018-06-25,57.34343719482422
2018-06-26,56.20631790161133
2018-06-27,54.0132942199707
2018-06-28,55.39408874511719
2018-06-29,54.98795700073242
2018-07-02,55.39408874511719
2018-07-03,54.825523376464844
2018-07-05,56.04386520385742
2018-07-06,56.85610580444336
2018-07-09,57.18097686767578
2018-07-10,57.0185432434082
2018-07-11,57.262210845947266
2018-07-12,57.74956130981445
2018-07-13,57.66832733154297
2018-07-16,57.18097686767578
2018-07-17,57.42465591430664
2018-07-18,57.91199493408203
2018-07-19,57.99321746826172
2018-07-20,57.74956130981445
2018-07-23,57.830772399902344
2018-07-24,56.69364929199219
2018-07-25,57.99321746826172
2018-07-26,58.48055648803711
2018-07-27,57.50587463378906
2018-07-30,56.77486801147461
2018-07-31,57.0185432434082
2018-08-01,55.718971252441406
2018-08-02,56.53120803833008
2018-08-03,55.800201416015625
2018-08-06,55.9626350402832
2018-08-07,55.718971252441406
2018-08-08,56.44998550415039
2018-08-09,56.94623565673828
2018-08-10,56.620826721191406
2018-08-13,56.53947067260742
2018-08-14,56.620826721191406
2018-08-15,56.13270950317383
2018-08-16,56.4581298828125
2018-08-17,56.702178955078125
2018-08-20,56.53947067260742
2018-08-21,56.4581298828125
2018-08-22,56.94623565673828
2018-08-23,56.13270950317383
2018-08-24,56.620826721191406
2018-08-27,57.10892868041992
2018-08-28,56.94623565673828
2018-08-29,57.759742736816406
2018-08-30,57.43434143066406
2018-08-31,57.759742736816406
2018-09-04,58.16648864746094
2018-09-05,56.94623565673828
2018-09-06,57.10892868041992
2018-09-07,56.78352737426758
2018-09-10,58.08515167236328
2018-09-11,58.41057586669922
2018-09-12,57.92244338989258
2018-09-13,58.491912841796875
2018-09-14,58.0037956237793
2018-09-17,57.43434143066406
2018-09-18,57.27162551879883
2018-09-19,56.94623565673828
2018-09-20,57.027591705322266
2018-09-21,56.78352737426758
2018-09-24,50.92620849609375
2018-09-25,51.00755310058594
2018-09-26,51.90241622924805
2018-09-27,51.739715576171875
2018-09-28,51.414310455322266
2018-10-01,51.25161361694336
2018-10-02,50.68213653564453
2018-10-03,50.92620849609375
2018-10-04,50.51944351196289
2018-10-05,49.86862564086914
2018-10-08,50.43808364868164
2018-10-09,50.275390625
2018-10-10,48.4042854309082
2018-10-11,48.56699752807617
2018-10-12,50.35673904418945
2018-10-15,49.949981689453125
2018-10-16,51.332950592041016
2018-10-17,50.844844818115234
2018-10-18,50.11267852783203
2018-10-19,48.89240264892578
2018-10-22,49.05510711669922
2018-10-23,48.4042854309082
2018-10-24,45.963748931884766
2018-10-25,47.102664947509766
2018-10-26,46.12644577026367
2018-10-29,45.71967697143555
2018-10-30,47.6721305847168
2018-10-31,48.9737663269043
2018-11-01,49.705928802490234
2018-11-02,49.705928802490234
2018-11-05,49.705928802490234
2018-11-06,51.57701110839844
2018-11-07,51.25161361694336
2018-11-08,50.6158561706543
2018-11-09,50.6158561706543
2018-11-12,49.88227844238281
2018-11-13,50.126800537109375
2018-11-14,50.94187927246094
2018-11-15,51.512428283691406
2018-11-16,51.10489273071289
2018-11-19,49.311737060546875
2018-11-20,47.844600677490234
2018-11-21,49.23023986816406
2018-11-23,49.39324188232422
2018-11-26,50.04530715942383
2018-11-27,49.719268798828125
2018-11-28,50.45283889770508
2018-11-29,51.512428283691406
2018-11-30,50.77886199951172
2018-12-03,51.512428283691406
2018-12-04,50.45283889770508
2018-12-06,51.75695037841797
2018-12-07,50.69736099243164
2018-12-10,50.53434753417969
2018-12-11,51.02339553833008
2018-12-12,51.512428283691406
2018-12-13,50.860382080078125
2018-12-14,50.28983688354492
2018-12-17,49.88227844238281
2018-12-18,50.126800537109375
2018-12-19,49.067222595214844
2018-12-20,48.00762176513672
2018-12-21,45.562416076660156
2018-12-24,44.91036605834961
2018-12-26,46.703521728515625
2018-12-27,46.703521728515625
2018-12-28,46.62200927734375
2018-12-31,46.540496826171875
2019-01-02,48.089134216308594
2019-01-03,48.4151611328125
2019-01-04,50.28983688354492
2019-01-07,50.69736099243164
2019-01-08,51.75695037841797
2019-01-09,49.39324188232422
2019-01-10,49.474754333496094
2019-01-11,49.474754333496094
2019-01-14,48.496673583984375
2019-01-15,48.74118423461914
2019-01-16,49.067222595214844
2019-01-17,49.311737060546875
2019-01-18,49.311737060546875
2019-01-22,47.68160629272461
2019-01-23,47.600093841552734
2019-01-24,46.86654281616211
2019-01-25,47.43708419799805
2019-01-28,46.86654281616211
2019-01-29,46.78501892089844
2019-01-30,48.25215148925781
2019-01-31,47.51858139038086
2019-02-01,48.74118423461914
2019-02-04,49.23023986816406
2019-02-05,49.067222595214844
2019-02-06,48.65969467163086
2019-02-07,48.00762176513672
2019-02-08,48.43233871459961
2019-02-11,47.86061096191406
2019-02-12,48.18730926513672
2019-02-13,48.18730926513672
2019-02-14,48.350669860839844
2019-02-15,49.24905776977539
2019-02-19,49.004051208496094
2019-02-20,49.330745697021484
2019-02-21,49.65741729736328
2019-02-22,49.494083404541016
2019-02-25,49.167388916015625
2019-02-26,48.350669860839844
2019-02-27,48.350669860839844
2019-02-28,48.43233871459961
2019-03-01,48.92237091064453
2019-03-04,49.004051208496094
2019-03-05,49.24905776977539
2019-03-06,49.004051208496094
2019-03-07,48.92237091064453
2019-03-08,48.51400375366211
2019-03-11,48.759033203125
2019-03-12,50.1474723815918
2019-03-13,49.73910903930664
2019-03-14,50.065792083740234
2019-03-15,50.39249801635742
2019-03-18,49.494083404541016
2019-03-19,49.90245819091797
2019-03-20,49.167388916015625
2019-03-21,48.840702056884766
2019-03-22,47.043888092041016
2019-03-25,46.962215423583984
2019-03-26,46.55384063720703
2019-03-27,46.227149963378906
2019-03-28,46.472164154052734
2019-03-29,46.308815002441406
2019-04-01,47.288902282714844
2019-04-02,47.94228744506836
2019-04-03,48.350669860839844
2019-04-04,48.67734146118164
2019-04-05,48.51400375366211
2019-04-08,48.840702056884766
2019-04-09,48.759033203125
2019-04-10,48.92237091064453
2019-04-11,49.412410736083984
2019-04-12,49.820777893066406
2019-04-15,48.92237091064453
2019-04-16,48.67734146118164
2019-04-17,49.08572006225586
2019-04-18,49.330745697021484
2019-04-22,49.9841194152832
2019-04-23,50.22913360595703
2019-04-24,46.63551330566406
2019-04-25,46.79886245727539
2019-04-26,47.20722198486328
2019-04-29,47.94228744506836
2019-04-30,47.452239990234375
2019-05-01,48.023963928222656
2019-05-02,47.12556076049805
2019-05-03,48.023963928222656
2019-05-06,47.69727325439453
2019-05-07,46.71718978881836
2019-05-08,46.880523681640625
2019-05-09,46.733211517333984
2019-05-10,46.978736877441406
2019-05-13,45.58739471435547
2019-05-14,46.07845687866211
2019-05-15,45.914772033691406
2019-05-16,46.24214553833008
2019-05-17,46.32399368286133
2019-05-20,45.66923141479492
2019-05-21,46.16029739379883
2019-05-22,45.50554275512695
2019-05-23,44.11418533325195
2019-05-24,44.27788162231445
2019-05-28,43.78681182861328
2019-05-29,43.704978942871094
2019-05-30,43.95050048828125
2019-05-31,43.45942306518555
2019-06-03,43.13206481933594
2019-06-04,44.11418533325195
2019-06-05,43.13206481933594
2019-06-06,43.45942306518555
2019-06-07,43.45942306518555
2019-06-10,44.44157028198242
2019-06-11,44.93263626098633
2019-06-12,45.014488220214844
2019-06-13,45.66923141479492
2019-06-14,45.50554275512695
2019-06-17,46.07845687866211
2019-06-18,46.6513671875
2019-06-19,46.48767852783203
2019-06-20,46.978736877441406
2019-06-21,45.832916259765625
2019-06-24,45.7510871887207
2019-06-25,45.34185791015625
2019-06-26,45.26001739501953
2019-06-27,45.58739471435547
2019-06-28,45.66923141479492
2019-07-01,46.733211517333984
2019-07-02,47.7153434753418
2019-07-03,48.12457275390625
2019-07-05,48.37010192871094
2019-07-08,48.5338020324707
2019-07-09,48.779319763183594
2019-07-10,49.35223388671875
2019-07-11,49.35223388671875
2019-07-12,49.67961883544922
2019-07-15,49.43408966064453
2019-07-16,49.515926361083984
2019-07-17,49.43408966064453
2019-07-18,49.43408966064453
2019-07-19,49.59777069091797
2019-07-22,49.76144790649414
2019-07-23,49.43408966064453
2019-07-24,49.92515182495117
2019-07-25,50.25252914428711
2019-07-26,50.907283782958984
2019-07-29,50.41621398925781
2019-07-30,50.579917907714844
2019-07-31,51.23466873168945
2019-08-01,51.31650924682617
2019-08-02,51.88942337036133
2019-08-05,49.515926361083984
2019-08-06,49.84331130981445
2019-08-07,50.00699996948242
2019-08-08,50.59743881225586
2019-08-09,50.18739700317383
2019-08-12,49.53136444091797
2019-08-13,49.85936737060547
2019-08-14,49.20334243774414
2019-08-15,48.95732498168945
2019-08-16,49.85936737060547
2019-08-19,50.67945098876953
2019-08-20,49.94139099121094
2019-08-21,50.51542663574219
2019-08-22,50.51542663574219
2019-08-23,49.12133026123047
2019-08-26,49.85936737060547
2019-08-27,49.695369720458984
2019-08-28,50.269405364990234
2019-08-29,50.92545700073242
2019-08-30,50.59743881225586
2019-09-03,50.51542663574219
2019-09-04,50.92545700073242
2019-09-05,51.49949645996094
2019-09-06,51.25347900390625
2019-09-09,51.58150100708008
2019-09-10,52.15554428100586
2019-09-11,53.22161865234375
2019-09-12,52.89358901977539
2019-09-13,52.40155792236328
2019-09-16,52.237545013427734
2019-09-17,53.057594299316406
2019-09-18,52.40155792236328
2019-09-19,51.99153137207031
2019-09-20,51.335487365722656
2019-09-23,51.58150100708008
2019-09-24,51.08946990966797
2019-09-25,51.827518463134766
2019-09-26,51.335487365722656
2019-09-27,50.92545700073242
2019-09-30,51.335487365722656
2019-10-01,50.67945098876953
2019-10-02,51.08946990966797
2019-10-03,52.07353591918945
2019-10-04,52.319549560546875
2019-10-07,51.909523010253906
2019-10-08,51.171478271484375
2019-10-09,51.25347900390625
2019-10-10,51.25347900390625
2019-10-11,51.74551010131836
2019-10-14,51.909523010253906
2019-10-15,52.81157684326172
2019-10-16,52.729583740234375
2019-10-17,53.13960647583008
2019-10-18,52.729583740234375
2019-10-21,52.647579193115234
2019-10-22,52.483558654785156
2019-10-23,52.89358901977539
2019-10-24,52.9755973815918
2019-10-25,52.81157684326172
2019-10-28,52.9755973815918
2019-10-29,52.237545013427734
2019-10-30,53.057594299316406
2019-10-31,55.10773468017578
2019-11-01,55.92780303955078
2019-11-04,55.517757415771484
2019-11-05,56.009796142578125
2019-11-06,55.59977340698242
2019-11-07,55.870914459228516
2019-11-08,56.28173828125
2019-11-11,57.18552780151367
2019-11-12,56.93904113769531
2019-11-13,56.52821350097656
2019-11-14,57.349857330322266
2019-11-15,56.856868743896484
2019-11-18,57.10335922241211
2019-11-19,57.2676887512207
2019-11-20,56.69253921508789
2019-11-21,57.18552780151367
2019-11-22,55.95306396484375
2019-11-25,56.28173828125
2019-11-26,56.69253921508789
2019-11-27,56.93904113769531
2019-11-29,57.349857330322266
2019-12-02,56.6103630065918
2019-12-03,55.70658874511719
2019-12-04,56.44605255126953
2019-12-05,56.363895416259766
2019-12-06,56.11739730834961
2019-12-09,56.44605255126953
2019-12-10,56.6103630065918
2019-12-11,56.44605255126953
2019-12-12,56.6103630065918
2019-12-13,56.856868743896484
2019-12-16,57.10335922241211
2019-12-17,57.432010650634766
2019-12-18,57.84280776977539
2019-12-19,58.171478271484375
2019-12-20,58.99311447143555
2019-12-23,58.25363540649414
2019-12-24,58.66446304321289
2019-12-26,58.82878112792969
2019-12-27,58.66446304321289
2019-12-30,58.25363540649414
2019-12-31,58.746620178222656
2020-01-02,58.58229446411133
2020-01-03,58.25363540649414
2020-01-06,58.500125885009766
2020-01-07,58.08931350708008
2020-01-08,58.00714874267578
2020-01-09,57.924983978271484
2020-01-10,57.51417922973633
2020-01-13,57.924983978271484
2020-01-14,58.417972564697266
2020-01-15,58.91094207763672
2020-01-16,59.15743637084961
2020-01-17,58.91094207763672
2020-01-21,58.746620178222656
2020-01-22,59.15743637084961
2020-01-23,58.82878112792969
2020-01-24,58.417972564697266
2020-01-27,58.500125885009766
2020-01-28,58.58229446411133
2020-01-29,58.171478271484375
2020-01-30,59.07527160644531
2020-01-31,58.08931350708008
2020-02-03,58.91094207763672
2020-02-04,59.239593505859375
2020-02-05,58.91094207763672
2020-02-06,59.07527160644531
2020-02-07,58.417972564697266
2020-02-10,59.15743637084961
2020-02-11,58.93519592285156
2020-02-12,59.34674835205078
2020-02-13,59.511375427246094
2020-02-14,59.34674835205078
2020-02-18,59.59371566772461
2020-02-19,59.675987243652344
2020-02-20,60.416805267333984
2020-02-21,59.59371566772461
2020-02-24,57.94745635986328
2020-02-25,57.45357894897461
2020-02-26,55.889671325683594
2020-02-27,53.173377990722656
2020-02-28,52.185630798339844
2020-03-02,53.9141731262207
2020-03-03,53.337989807128906
2020-03-04,54.7373046875
2020-03-05,54.65498352050781
2020-03-06,53.008750915527344
2020-03-09,49.71628952026367
2020-03-10,52.10332107543945
2020-03-11,49.79859161376953
2020-03-12,45.765316009521484
2020-03-13,48.56391143798828
2020-03-16,41.814353942871094
2020-03-17,44.69526672363281
2020-03-18,39.09807205200195
2020-03-19,39.42731857299805
2020-03-20,36.54640579223633
2020-03-23,37.20490646362305
2020-03-24,40.99123764038086
2020-03-25,41.567420959472656
2020-03-26,42.802093505859375
2020-03-27,40.579681396484375
2020-03-30,39.59193420410156
2020-03-31,40.6619873046875
2020-04-01,38.19263458251953
2020-04-02,39.09807205200195
2020-04-03,36.87565231323242
2020-04-06,39.42731857299805
2020-04-07,40.41505813598633
2020-04-08,42.5551643371582
2020-04-09,43.213661193847656
2020-04-13,42.14360809326172
2020-04-14,44.612953186035156
2020-04-15,43.62520980834961
2020-04-16,43.62520980834961
2020-04-17,43.542903900146484
2020-04-20,42.966712951660156
2020-04-21,41.15586471557617
2020-04-22,41.567420959472656
2020-04-23,44.20139694213867
2020-04-24,45.353759765625
2020-04-27,46.1768798828125
2020-04-28,47.41155242919922
2020-04-29,48.728546142578125
2020-04-30,48.64622497558594
2020-05-01,47.74079132080078
2020-05-04,47.32924270629883
2020-05-05,47.24694061279297
2020-05-06,46.588436126708984
2020-05-07,45.54066848754883
2020-05-08,47.43819808959961
2020-05-11,46.69568634033203
2020-05-12,44.79815673828125
2020-05-13,43.06562805175781
2020-05-14,43.64314270019531
2020-05-15,44.055641174316406
2020-05-18,45.458168029785156
2020-05-19,44.96316146850586
2020-05-20,43.148136138916016
2020-05-21,42.90062713623047
2020-05-22,43.80813980102539
2020-05-26,45.210662841796875
2020-05-27,47.685699462890625
2020-05-28,46.86069107055664
2020-05-29,48.015708923339844
2020-06-01,49.253231048583984
2020-06-02,49.335723876953125
2020-06-03,51.563262939453125
2020-06-04,53.213287353515625
2020-06-05,53.708290100097656
2020-06-08,53.790802001953125
2020-06-09,52.2232666015625
2020-06-10,51.31576156616211
2020-06-11,48.263214111328125
2020-06-12,49.005714416503906
2020-06-15,49.41823196411133
2020-06-16,49.83074188232422
2020-06-17,49.66572952270508
2020-06-18,49.9957389831543
2020-06-19,49.17072296142578
2020-06-22,49.17072296142578
2020-06-23,48.67570495605469
2020-06-24,47.685699462890625
2020-06-25,48.015708923339844
2020-06-26,45.70567321777344
2020-06-29,47.025691986083984
2020-06-30,48.4282112121582
2020-07-01,48.59321975708008
2020-07-02,48.18070983886719
2020-07-06,48.4282112121582
2020-07-07,47.7681999206543
2020-07-08,47.685699462890625
2020-07-09,46.44818878173828
2020-07-10,47.025691986083984
2020-07-13,46.11819076538086
2020-07-14,46.69568634033203
2020-07-15,49.583221435546875
2020-07-16,49.088218688964844
2020-07-17,48.59321975708008
2020-07-20,48.015708923339844
2020-07-21,48.4282112121582
2020-07-22,49.005714416503906
2020-07-23,48.59321975708008
2020-07-24,48.758216857910156
2020-07-27,49.41823196411133
2020-07-28,49.088218688964844
2020-07-29,48.758216857910156
2020-07-30,48.4282112121582
2020-07-31,48.510711669921875
2020-08-03,48.4282112121582
2020-08-04,48.84072494506836
2020-08-05,48.758216857910156
2020-08-06,48.94839096069336
2020-08-07,49.44447708129883
2020-08-10,49.69253158569336
2020-08-11,50.02326965332031
2020-08-12,50.35399627685547
2020-08-13,49.69253158569336
2020-08-14,49.44447708129883
2020-08-17,49.60985565185547
2020-08-18,49.196434020996094
2020-08-19,48.53497314453125
2020-08-20,48.2042350769043
2020-08-21,48.12156677246094
2020-08-24,48.36960983276367
2020-08-25,48.4522819519043
2020-08-26,48.2042350769043
2020-08-27,48.78302001953125
2020-08-28,49.27912139892578
2020-08-31,48.53497314453125
2020-09-01,48.2042350769043
2020-09-02,49.03107452392578
2020-09-03,47.625457763671875
2020-09-04,47.29473114013672
2020-09-08,46.467891693115234
2020-09-09,47.212039947509766
2020-09-10,46.13715744018555
2020-09-11,45.310325622558594
2020-09-14,46.633262634277344
2020-09-15,44.3181266784668
2020-09-16,44.64887619018555
2020-09-17,43.90471649169922
2020-09-18,42.66447448730469
2020-09-21,42.25105285644531
2020-09-22,42.41642379760742
2020-09-23,41.50690841674805
2020-09-24,42.168373107910156
2020-09-25,42.33374786376953
2020-09-28,43.739349365234375
2020-09-29,43.408626556396484
2020-09-30,44.3181266784668
2020-10-01,46.71595001220703
2020-10-02,45.9717903137207
2020-10-05,46.38521194458008
2020-10-06,45.9717903137207
2020-10-07,48.12156677246094
2020-10-08,49.27912139892578
2020-10-09,48.28692626953125
2020-10-12,48.86570739746094
2020-10-13,48.700340270996094
2020-10-14,48.28692626953125
2020-10-15,48.28692626953125
2020-10-16,48.28692626953125
2020-10-19,47.377403259277344
2020-10-20,47.95618438720703
2020-10-21,48.4522819519043
2020-10-22,49.52717590332031
2020-10-23,49.44447708129883
2020-10-26,47.873504638671875
2020-10-27,48.86570739746094
2020-10-28,47.12936019897461
2020-10-29,48.2042350769043
2020-10-30,47.377403259277344
2020-11-02,47.79082489013672
2020-11-03,48.12156677246094
2020-11-04,48.700340270996094
2020-11-05,50.48255920410156
2020-11-06,49.98519515991211
2020-11-09,50.15098571777344
2020-11-10,49.65362548828125
2020-11-11,51.228607177734375
2020-11-12,50.648353576660156
2020-11-13,51.97466278076172
2020-11-16,52.803592681884766
2020-11-17,53.135169982910156
2020-11-18,52.38913345336914
2020-11-19,53.135169982910156
2020-11-20,53.21806716918945
2020-11-23,54.37858581542969
2020-11-24,54.29568862915039
2020-11-25,53.63253402709961
2020-11-27,54.29568862915039
2020-11-30,53.798336029052734
2020-12-01,54.04701614379883
2020-12-02,53.300960540771484
2020-12-03,53.300960540771484
2020-12-04,52.554927825927734
2020-12-07,54.04701614379883
2020-12-08,54.79306411743164
2020-12-09,53.135169982910156
2020-12-10,52.969383239746094
2020-12-11,53.21806716918945
2020-12-14,52.472023010253906
2020-12-15,52.969383239746094
2020-12-16,52.803592681884766
2020-12-17,52.88648986816406
2020-12-18,52.30624008178711
2020-12-21,52.30624008178711
2020-12-22,51.97466278076172
2020-12-23,51.97466278076172
2020-12-24,52.30624008178711
2020-12-28,52.63780975341797
2020-12-29,53.135169982910156
2020-12-30,53.135169982910156
2020-12-31,52.803592681884766
2021-01-04,51.145721435546875
2021-01-05,51.725975036621094
2021-01-06,54.04701614379883
2021-01-07,53.21806716918945
2021-01-08,48.9904670715332
2021-01-11,49.2391471862793
2021-01-12,48.74178695678711
2021-01-13,48.824676513671875
2021-01-14,48.32730484008789
2021-01-15,48.07862854003906
2021-01-19,49.322044372558594
2021-01-20,49.404937744140625
2021-01-21,49.65362548828125
2021-01-22,49.487831115722656
2021-01-25,50.233882904052734
2021-01-26,54.29568862915039
2021-01-27,56.94830322265625
2021-01-28,53.05227279663086
2021-01-29,51.89176559448242
2021-02-01,51.89176559448242
2021-02-02,51.394405364990234
2021-02-03,51.228607177734375
2021-02-04,50.73124313354492
2021-02-05,50.648353576660156
2021-02-08,50.233882904052734
2021-02-09,50.3585319519043
2021-02-10,50.44163513183594
2021-02-11,50.77403259277344
2021-02-12,50.607826232910156
2021-02-16,49.77683639526367
2021-02-17,49.943023681640625
2021-02-18,50.02613067626953
2021-02-19,49.943023681640625
2021-02-22,50.02613067626953
2021-02-23,49.44443130493164
2021-02-24,49.77683639526367
2021-02-25,48.696529388427734
2021-02-26,48.61343765258789
2021-03-01,50.02613067626953
2021-03-02,49.69373321533203
2021-03-03,48.945831298828125
2021-03-04,48.11483383178711
2021-03-05,48.945831298828125
2021-03-08,49.11203384399414
2021-03-09,49.61063003540039
2021-03-10,50.3585319519043
2021-03-11,51.02333068847656
2021-03-12,51.18952178955078
2021-03-15,51.93743133544922
2021-03-16,52.60222625732422
2021-03-17,52.26982879638672
2021-03-18,50.6909294128418
2021-03-19,50.52473068237305
2021-03-22,52.436031341552734
2021-03-23,51.85432815551758
2021-03-24,50.77403259277344
2021-03-25,51.10641860961914
2021-03-26,51.688133239746094
2021-03-29,51.10641860961914
2021-03-30,50.85712814331055
2021-03-31,50.607826232910156
2021-04-01,52.103633880615234
2021-04-05,52.35293197631836
2021-04-06,52.68533706665039
2021-04-07,52.60222625732422
2021-04-08,52.436031341552734
2021-04-09,52.76842498779297
2021-04-12,51.7712287902832
2021-04-13,51.521934509277344
2021-04-14,52.18673324584961
2021-04-15,51.85432815551758
2021-04-16,52.436031341552734
2021-04-19,52.18673324584961
2021-04-20,52.436031341552734
2021-04-21,53.10082244873047
2021-04-22,52.35293197631836
2021-04-23,53.017723083496094
2021-04-26,52.851524353027344
2021-04-27,52.436031341552734
2021-04-28,50.44163513183594
2021-04-29,50.94023513793945
2021-04-30,50.6909294128418
2021-05-03,50.3585319519043
2021-05-04,49.943023681640625
2021-05-05,50.109230041503906
2021-05-06,49.817657470703125
2021-05-07,50.3174934387207
2021-05-10,49.65103530883789
2021-05-11,48.901275634765625
2021-05-12,48.068206787109375
2021-05-13,48.65135192871094
2021-05-14,49.23450469970703
2021-05-17,48.901275634765625
2021-05-18,48.901275634765625
2021-05-19,48.401432037353516
2021-05-20,49.817657470703125
2021-05-21,49.5677375793457
2021-05-24,51.15057373046875
2021-05-25,49.90096664428711
2021-05-26,50.40079879760742
2021-05-27,51.733707427978516
2021-05-28,52.06694412231445
2021-06-01,52.316864013671875
2021-06-02,53.73309326171875
2021-06-03,53.14993667602539
2021-06-04,53.89970016479492
2021-06-07,54.982696533203125
2021-06-08,59.064754486083984
2021-06-09,57.06537628173828
2021-06-10,55.73246765136719
2021-06-11,56.14899826049805
2021-06-14,56.232303619384766
2021-06-15,55.23262405395508
2021-06-16,54.64946746826172
2021-06-17,53.31656265258789
2021-06-18,52.48348617553711
2021-06-21,52.65009689331055
2021-06-22,52.98332977294922
2021-06-23,52.40018081665039
2021-06-24,53.39986038208008
2021-06-25,54.31624984741211
2021-06-28,54.232933044433594
2021-06-29,54.5661506652832
2021-06-30,54.48285675048828
2021-07-01,54.73277282714844
2021-07-02,55.23262405395508
2021-07-06,54.48285675048828
2021-07-07,54.73277282714844
2021-07-08,53.8163948059082
2021-07-09,54.64946746826172
2021-07-12,54.31624984741211
2021-07-13,53.73309326171875
2021-07-14,54.14962387084961
2021-07-15,53.649784088134766
2021-07-16,53.233238220214844
2021-07-19,52.81671905517578
2021-07-20,54.399539947509766
2021-07-21,54.5661506652832
2021-07-22,53.98301696777344
2021-07-23,53.56647491455078
2021-07-26,53.14993667602539
2021-07-27,55.8990592956543
2021-07-28,53.98301696777344
2021-07-29,54.06632614135742
2021-07-30,53.89970016479492
2021-08-02,54.06632614135742
2021-08-03,53.73309326171875
2021-08-04,53.56647491455078
2021-08-05,54.35974884033203
2021-08-06,54.276241302490234
2021-08-09,52.18869400024414
2021-08-10,51.437171936035156
2021-08-11,51.270172119140625
2021-08-12,50.35165023803711
2021-08-13,50.35165023803711
2021-08-16,50.6856575012207
2021-08-17,51.10316467285156
2021-08-18,51.270172119140625
2021-08-19,51.52067947387695
2021-08-20,52.606197357177734
2021-08-23,52.105194091796875
2021-08-24,52.68970489501953
2021-08-25,52.68970489501953
2021-08-26,51.77119064331055
2021-08-27,52.18869400024414
2021-08-30,52.3557014465332
2021-08-31,52.3557014465332
2021-09-01,52.68970489501953
2021-09-02,53.19070816040039
2021-09-03,52.856712341308594
2021-09-07,51.437171936035156
2021-09-08,51.35367202758789
2021-09-09,50.6856575012207
2021-09-10,50.10114288330078
2021-09-13,50.518653869628906
2021-09-14,50.35165023803711
2021-09-15,50.43514633178711
2021-09-16,50.6856575012207
2021-09-17,50.769161224365234
2021-09-20,50.10114288330078
2021-09-21,49.934139251708984
2021-09-22,50.10114288330078
2021-09-23,50.43514633178711
2021-09-24,50.60215377807617
2021-09-27,51.01967239379883
2021-09-28,50.936161041259766
2021-09-29,50.936161041259766
2021-09-30,50.936161041259766
2021-10-01,51.10316467285156
2021-10-04,51.10316467285156
2021-10-05,51.604183197021484
2021-10-06,51.52067947387695
2021-10-07,52.52269744873047
2021-10-08,50.60215377807617
2021-10-11,49.76713562011719
2021-10-12,50.43514633178711
2021-10-13,50.10114288330078
2021-10-14,50.35165023803711
2021-10-15,50.26815414428711
2021-10-18,50.35165023803711
2021-10-19,50.26815414428711
2021-10-20,51.77119064331055
2021-10-21,51.01967239379883
2021-10-22,50.6856575012207
2021-10-25,50.43514633178711
2021-10-26,50.35165023803711
2021-10-27,49.76713562011719
2021-10-28,50.769161224365234
2021-10-29,50.8526611328125
2021-11-01,52.4391975402832
2021-11-02,52.52269744873047
2021-11-03,54.19274139404297
2021-11-04,53.539222717285156
2021-11-05,53.70677947998047
2021-11-08,54.125709533691406
2021-11-09,53.874359130859375
2021-11-10,53.95813751220703
2021-11-11,55.0473518371582
2021-11-12,55.382503509521484
2021-11-15,55.55007553100586
2021-11-16,55.55007553100586
2021-11-17,55.55007553100586
2021-11-18,52.95270919799805
2021-11-19,51.863494873046875
2021-11-22,50.94184494018555
2021-11-23,51.863494873046875
2021-11-24,52.03106689453125
2021-11-26,51.695926666259766
2021-11-29,52.533782958984375
2021-11-30,51.109413146972656
2021-12-01,50.3553466796875
2021-12-02,52.36620330810547
2021-12-03,52.03106689453125
2021-12-06,52.95270919799805
2021-12-07,51.94728469848633
2021-12-08,52.03106689453125
2021-12-09,51.61212921142578
2021-12-10,52.617557525634766
2021-12-13,52.70134735107422
2021-12-14,52.785133361816406
2021-12-15,53.455421447753906
2021-12-16,53.12027359008789
2021-12-17,53.455421447753906
2021-12-20,53.204063415527344
2021-12-21,53.70677947998047
2021-12-22,53.455421447753906
2021-12-23,53.874359130859375
2021-12-27,54.04193115234375
2021-12-28,53.70677947998047
2021-12-29,53.37163543701172
2021-12-30,53.79056167602539
2021-12-31,53.204063415527344
2022-01-03,53.28784942626953
2022-01-04,51.695926666259766
2022-01-05,51.52834701538086
2022-01-06,51.863494873046875
2022-01-07,51.94728469848633
2022-01-10,52.44999694824219
2022-01-11,52.95270919799805
2022-01-12,53.036495208740234
2022-01-13,53.28784942626953
2022-01-14,51.77970886230469
2022-01-18,51.193206787109375
2022-01-19,51.109413146972656
2022-01-20,50.6067008972168
2022-01-21,50.3553466796875
2022-01-24,50.690486907958984
2022-01-25,50.774269104003906
2022-01-26,50.10398483276367
2022-01-27,51.36077117919922
2022-01-28,51.863494873046875
2022-01-31,53.28784942626953
2022-02-01,56.639278411865234
2022-02-02,55.96901321411133
2022-02-03,55.885223388671875
2022-02-04,56.80686569213867
2022-02-07,56.47172164916992
2022-02-08,56.97444152832031
2022-02-09,57.477142333984375
2022-02-10,55.22622299194336
2022-02-11,54.26652908325195
2022-02-14,53.83030319213867
2022-02-15,54.092041015625
2022-02-16,53.83030319213867
2022-02-17,52.608863830566406
2022-02-18,52.608863830566406
2022-02-22,52.52162170410156
2022-02-23,52.08539962768555
2022-02-24,52.87059783935547
2022-02-25,53.74304962158203
2022-02-28,53.74304962158203
2022-03-01,53.04508972167969
2022-03-02,53.65580368041992
2022-03-03,53.917545318603516
2022-03-04,53.83030319213867
2022-03-07,55.662445068359375
2022-03-08,55.662445068359375
2022-03-09,54.26652908325195
2022-03-10,54.26652908325195
2022-03-11,54.004791259765625
2022-03-14,53.74304962158203
2022-03-15,54.44101333618164
2022-03-16,54.17928695678711
2022-03-17,54.52825927734375
2022-03-18,55.22622299194336
2022-03-21,54.87723922729492
2022-03-22,55.9241828918457
2022-03-23,55.836936950683594
2022-03-24,56.709388732910156
2022-03-25,57.232852935791016
2022-03-28,57.58184814453125
2022-03-29,57.75633239746094
2022-03-30,57.93082046508789
2022-03-31,57.75633239746094
2022-04-01,57.49459457397461
2022-04-04,58.36704635620117
2022-04-05,57.75633239746094
2022-04-06,57.407352447509766
2022-04-07,57.232852935791016
2022-04-08,56.709388732910156
2022-04-11,56.97113037109375
2022-04-12,56.883880615234375
2022-04-13,56.97113037109375
2022-04-14,56.360408782958984
2022-04-18,54.615509033203125
2022-04-19,55.9241828918457
2022-04-20,55.9241828918457
2022-04-21,55.40071105957031
2022-04-22,54.52825927734375
2022-04-25,53.83030319213867
2022-04-26,52.783355712890625
2022-04-27,52.08539962768555
2022-04-28,55.05173110961914
2022-04-29,52.34712600708008
2022-05-02,52.608863830566406
2022-05-03,53.04508972167969
2022-05-04,54.35376739501953
2022-05-05,53.670841217041016
2022-05-06,53.1455192565918
2022-05-09,52.97040939331055
2022-05-10,53.1455192565918
2022-05-11,52.70774841308594
2022-05-12,52.445091247558594
2022-05-13,53.758399963378906
2022-05-16,53.670841217041016
2022-05-17,54.371280670166016
2022-05-18,52.88285446166992
2022-05-19,53.32062911987305
2022-05-20,53.93350601196289
2022-05-23,54.546390533447266
2022-05-24,54.1961669921875
2022-05-25,54.283721923828125
2022-05-26,55.42193603515625
2022-05-27,55.859703063964844
2022-05-31,56.03480911254883
2022-06-01,55.24681854248047
2022-06-02,55.50947570800781
2022-06-03,54.896610260009766
2022-06-06,54.80905532836914
2022-06-07,55.071712493896484
2022-06-08,54.371280670166016
2022-06-09,53.845951080322266
2022-06-10,53.40817642211914
2022-06-13,51.83219909667969
2022-06-14,51.91976547241211
2022-06-15,52.62018585205078
2022-06-16,49.99355697631836
2022-06-17,51.219322204589844
2022-06-21,51.7446403503418
2022-06-22,51.91976547241211
2022-06-23,53.40817642211914
2022-06-24,54.1961669921875
2022-06-27,54.80905532836914
2022-06-28,53.58328628540039
2022-06-29,53.49574279785156
2022-06-30,53.670841217041016
2022-07-01,54.371280670166016
2022-07-05,54.45883560180664
2022-07-06,54.1961669921875
2022-07-07,54.721492767333984
2022-07-08,55.24681854248047
2022-07-11,54.1961669921875
2022-07-12,54.283721923828125
2022-07-13,54.546390533447266
2022-07-14,55.071712493896484
2022-07-15,55.5970458984375
2022-07-18,55.5970458984375
2022-07-19,56.73525619506836
2022-07-20,56.9979133605957
2022-07-21,57.08546829223633
2022-07-22,56.56013107299805
2022-07-25,55.859703063964844
2022-07-26,55.859703063964844
2022-07-27,56.3850212097168
2022-07-28,57.61078643798828
2022-07-29,58.486351013183594
2022-08-01,58.486351013183594
2022-08-02,58.57388687133789
2022-08-03,58.836544036865234
2022-08-04,58.94194793701172
2022-08-05,57.800010681152344
2022-08-08,58.41490936279297
2022-08-09,58.94194793701172
2022-08-10,59.20549774169922
2022-08-11,59.11765670776367
2022-08-12,59.55685806274414
2022-08-15,59.4690055847168
2022-08-16,57.9756965637207
2022-08-17,57.27296829223633
2022-08-18,57.009437561035156
2022-08-19,56.21885299682617
2022-08-22,54.989078521728516
2022-08-23,55.16475296020508
2022-08-24,54.813385009765625
2022-08-25,55.07691955566406
2022-08-26,54.1984977722168
2022-08-29,53.75928497314453
2022-08-30,53.67144775390625
2022-08-31,53.495758056640625
2022-09-01,53.84712600708008
2022-09-02,53.32007598876953
2022-09-06,52.70518112182617
2022-09-07,54.28634262084961
2022-09-08,54.374176025390625
2022-09-09,55.07691955566406
2022-09-12,54.989078521728516
2022-09-13,52.793025970458984
2022-09-14,52.793025970458984
2022-09-15,52.178131103515625
2022-09-16,52.4416618347168
2022-09-19,52.88086700439453
2022-09-20,52.70518112182617
2022-09-21,51.91460418701172
2022-09-22,51.5632438659668
2022-09-23,51.03618240356445
2022-09-26,51.03618240356445
2022-09-27,51.124027252197266
2022-09-28,52.26597213745117
2022-09-29,50.77265930175781
2022-09-30,50.15776824951172
2022-10-03,51.47539138793945
2022-10-04,52.4416618347168
2022-10-05,52.4416618347168
2022-10-06,52.09029006958008
2022-10-07,51.5632438659668
2022-10-10,52.09029006958008
2022-10-11,52.4416618347168
2022-10-12,52.353816986083984
2022-10-13,53.934974670410156
2022-10-14,53.1443977355957
2022-10-17,54.374176025390625
2022-10-18,54.72554397583008
2022-10-19,53.934974670410156
2022-10-20,53.58359909057617
2022-10-21,54.374176025390625
2022-10-24,54.72554397583008
2022-10-25,55.16475296020508
2022-10-26,54.72554397583008
2022-10-27,53.67144775390625
2022-10-28,54.1984977722168
2022-10-31,53.056549072265625
2022-11-01,53.23223114013672
2022-11-02,53.32007598876953
2022-11-03,53.495758056640625
2022-11-04,54.110652923583984
2022-11-07,55.16475296020508
2022-11-08,55.867496490478516
2022-11-09,55.72641372680664
2022-11-10,56.519989013671875
2022-11-11,56.78451156616211
2022-11-14,56.608154296875
2022-11-15,57.049034118652344
2022-11-16,57.13721466064453
2022-11-17,56.07910919189453
2022-11-18,56.34363555908203
2022-11-21,56.69634246826172
2022-11-22,57.225379943847656
2022-11-23,57.313560485839844
2022-11-25,57.225379943847656
2022-11-28,56.25545883178711
2022-11-29,56.519989013671875
2022-11-30,57.225379943847656
2022-12-01,56.519989013671875
2022-12-02,55.02101516723633
2022-12-05,54.491966247558594
2022-12-06,54.227439880371094
2022-12-07,54.66831970214844
2022-12-08,54.315608978271484
2022-12-09,53.87474060058594
2022-12-12,54.227439880371094
2022-12-13,54.315608978271484
2022-12-14,53.962913513183594
2022-12-15,52.64030456542969
2022-12-16,52.55211639404297
2022-12-19,52.0230712890625
2022-12-20,51.758544921875
2022-12-21,52.0230712890625
2022-12-22,51.229496002197266
2022-12-23,51.49402618408203
2022-12-27,50.9649772644043
2022-12-28,50.52410125732422
2022-12-29,51.31768035888672
2022-12-30,51.49402618408203
2023-01-03,51.053157806396484
2023-01-04,51.67037582397461
2023-01-05,51.40584182739258
2023-01-06,52.816650390625
2023-01-09,52.11124801635742
2023-01-10,52.11124801635742
2023-01-11,52.904823303222656
2023-01-12,52.55211639404297
2023-01-13,52.55211639404297
2023-01-17,52.72847366333008
2023-01-18,51.49402618408203
2023-01-19,51.053157806396484
2023-01-20,51.49402618408203
2023-01-23,51.84672927856445
2023-01-24,51.053157806396484
2023-01-25,52.11124801635742
2023-01-26,52.0230712890625
2023-01-27,52.19942855834961
2023-01-30,51.758544921875
2023-01-31,51.053157806396484
2023-02-01,51.67037582397461
2023-02-02,46.73258972167969
2023-02-03,46.02718734741211
2023-02-06,43.999176025390625
2023-02-07,44.616397857666016
2023-02-08,44.297454833984375
2023-02-09,42.34837341308594
2023-02-10,41.81679916381836
2023-02-13,41.728206634521484
2023-02-14,41.19663619995117
2023-02-15,41.551021575927734
2023-02-16,40.84225082397461
2023-02-17,40.753662109375
2023-02-21,39.42474365234375
2023-02-22,38.98176574707031
2023-02-23,38.89316940307617
2023-02-24,38.89316940307617
2023-02-27,39.513336181640625
2023-02-28,38.89316940307617
2023-03-01,37.83002853393555
2023-03-02,38.09580993652344
2023-03-03,37.6528434753418
2023-03-06,38.09580993652344
2023-03-07,35.96954345703125
2023-03-08,34.19763946533203
2023-03-09,33.66606140136719
2023-03-10,32.514339447021484
2023-03-13,32.15995407104492
2023-03-14,31.096811294555664
2023-03-15,32.24855041503906
2023-03-16,31.98276138305664
2023-03-17,32.24855041503906
2023-03-20,32.868709564208984
2023-03-21,33.66606140136719
2023-03-22,32.602928161621094
2023-03-23,31.98276138305664
2023-03-24,33.40028762817383
2023-03-27,33.223087310791016
2023-03-28,34.02044677734375
2023-03-29,34.55202102661133
2023-03-30,35.083587646484375
2023-03-31,35.17218780517578
2023-04-03,35.083587646484375
2023-04-04,34.02044677734375
2023-04-05,35.083587646484375
2023-04-06,35.34938049316406
2023-04-10,36.146724700927734
2023-04-11,35.96954345703125
2023-04-12,35.26077651977539
2023-04-13,35.88094711303711
2023-04-14,35.083587646484375
2023-04-17,35.34938049316406
2023-04-18,34.37482833862305
2023-04-19,34.817806243896484
2023-04-20,33.66606140136719
2023-04-21,34.02044677734375
2023-04-24,33.4888801574707
2023-04-25,32.6915283203125
2023-04-26,32.3371467590332
2023-04-27,32.78011703491211
2023-04-28,33.66606140136719
2023-05-01,33.4888801574707
2023-05-02,32.602928161621094
2023-05-03,32.6915283203125
2023-05-04,32.013797760009766
2023-05-05,33.262245178222656
2023-05-08,32.10297393798828
2023-05-09,30.497821807861328
2023-05-10,30.497821807861328
2023-05-11,32.28131866455078
2023-05-12,31.657093048095703
2023-05-15,32.013797760009766
2023-05-16,31.567928314208984
2023-05-17,32.3704948425293
2023-05-18,32.3704948425293
2023-05-19,31.478742599487305
2023-05-22,31.657093048095703
2023-05-23,31.478742599487305
2023-05-24,31.478742599487305
2023-05-25,31.122045516967773
2023-05-26,31.478742599487305
2023-05-30,32.10297393798828
2023-05-31,31.74626350402832
2023-06-01,32.994720458984375
2023-06-02,31.92462158203125
2023-06-05,32.10297393798828
2023-06-06,33.262245178222656
2023-06-07,34.421512603759766
2023-06-08,34.59986877441406
2023-06-09,33.975643157958984
2023-06-12,33.797298431396484
2023-06-13,34.153995513916016
2023-06-14,33.61894989013672
2023-06-15,34.153995513916016
2023-06-16,35.13491439819336
2023-06-20,33.44058609008789
2023-06-21,32.63801574707031
2023-06-22,33.44058609008789
2023-06-23,34.153995513916016
2023-06-26,34.86738967895508
2023-06-27,36.472537994384766
2023-06-28,38.07769012451172
2023-06-29,38.61274719238281
2023-06-30,40.39623260498047
2023-07-03,41.287994384765625
2023-07-05,40.66376495361328
2023-07-06,39.593666076660156
2023-07-07,39.682838439941406
2023-07-10,41.10963439941406
2023-07-11,42.625606536865234
2023-07-12,42.89313507080078
2023-07-13,43.60653305053711
2023-07-14,42.35808563232422
2023-07-17,44.05241012573242
2023-07-18,47.173526763916016
2023-07-19,48.95703125
2023-07-20,69.64561462402344
2023-07-21,63.13585662841797
2023-07-24,53.50495529174805
2023-07-25,45.74673080444336
2023-07-26,43.60653305053711
2023-07-27,42.89313507080078
2023-07-28,45.568382263183594
2023-07-31,45.47920227050781
2023-08-01,44.40910720825195
2023-08-02,44.23075485229492
2023-08-03,44.40910720825195
2023-08-04,43.07148742675781
2023-08-07,43.10733413696289
2023-08-08,43.19695281982422
2023-08-09,43.73467254638672
2023-08-10,43.37619400024414
2023-08-11,42.569610595703125
2023-08-14,42.12150955200195
2023-08-15,42.21113204956055
2023-08-16,41.40454864501953
2023-08-17,40.329105377197266
2023-08-18,40.23948669433594
2023-08-21,39.43290710449219
2023-08-22,38.26784133911133
2023-08-23,37.013160705566406
2023-08-24,35.937705993652344
2023-08-25,36.20657730102539
2023-08-28,36.744300842285156
2023-08-29,38.357460021972656
2023-08-30,41.04606628417969
2023-08-31,39.43290710449219
2023-09-01,40.329105377197266
2023-09-05,38.357460021972656
2023-09-06,38.447086334228516
2023-09-07,37.73011016845703
2023-09-08,38.1782112121582
2023-09-11,37.90935516357422
2023-09-12,38.357460021972656
2023-09-13,37.19239807128906
2023-09-14,38.7159423828125
2023-09-15,35.75847244262695
2023-09-18,36.744300842285156
2023-09-19,37.46125793457031
2023-09-20,36.92353820800781
2023-09-21,36.744300842285156
2023-09-22,36.11695098876953
2023-09-25,35.937705993652344
2023-09-26,34.77265167236328
2023-09-27,36.475425720214844
2023-09-28,41.9422721862793
2023-09-29,40.50835418701172
2023-10-02,38.62632369995117
2023-10-03,38.447086334228516
2023-10-04,39.881004333496094
2023-10-05,39.164039611816406
2023-10-06,38.7159423828125
2023-10-09,39.612144470214844
2023-10-10,40.06024932861328
2023-10-11,41.13568878173828
2023-10-12,41.13568878173828
2023-10-13,43.465824127197266
2023-10-16,43.37619400024414
2023-10-17,42.30074691772461
2023-10-18,41.22530746459961
2023-10-19,40.86682891845703
2023-10-20,40.06024932861328
2023-10-23,40.149864196777344
2023-10-24,39.791385650634766
2023-10-25,39.07442092895508
2023-10-26,37.90935516357422
2023-10-27,36.92353820800781
2023-10-30,37.46125793457031
2023-10-31,38.357460021972656
2023-11-01,40.329105377197266
2023-11-02,41.67340850830078
2023-11-03,44.36201477050781
2023-11-06,42.44263458251953
2023-11-07,42.44263458251953
2023-11-08,42.172306060791016
2023-11-09,42.26240921020508
2023-11-10,41.721736907958984
2023-11-13,42.082191467285156
2023-11-14,44.06464767456055
2023-11-15,46.768001556396484
2023-11-16,46.227333068847656
2023-11-17,45.77676773071289
2023-11-20,46.31744384765625
2023-11-21,43.704200744628906
2023-11-22,44.15475845336914
2023-11-24,44.42509460449219
2023-11-27,43.52397155761719
2023-11-28,42.80308532714844
2023-11-29,42.35253143310547
2023-11-30,42.172306060791016
2023-12-01,43.97454071044922
2023-12-04,41.0909538269043
2023-12-05,40.64039611816406
2023-12-06,40.46017837524414
2023-12-07,42.44263458251953
2023-12-08,41.81184768676758
2023-12-11,45.2360954284668
2023-12-12,47.75922393798828
2023-12-13,48.9306755065918
2023-12-14,51.273590087890625
2023-12-15,48.660343170166016
2023-12-18,47.12844467163086
2023-12-19,49.110904693603516
2023-12-20,47.12844467163086
2023-12-21,49.3812370300293
2023-12-22,49.2911262512207
2023-12-26,49.561466217041016
2023-12-27,49.3812370300293
2023-12-28,49.8317985534668
2023-12-29,49.2911262512207
